prompt,model,model_family,model_output,yes_prob,no_prob,relative_prob
"Is a ""screenshot"" a ""photograph""?",allenai/tk-instruct-3b-def,tk,No,0.1660814732313156,0.830355167388916,0.16667539757263267
"Is ""advising"" someone ""instructing"" them?",allenai/tk-instruct-3b-def,tk,No,0.22055116295814514,0.7758367657661438,0.22135069745427835
"Is an ""algorithm"" a ""procedure""?",allenai/tk-instruct-3b-def,tk,No,0.27872541546821594,0.7173326015472412,0.2798284946326481
"Is a ""drone"" an ""aircraft""?",allenai/tk-instruct-3b-def,tk,No,0.18404339253902435,0.812037467956543,0.18476752223454992
"Is ""reading aloud"" a form of ""performance""?",allenai/tk-instruct-3b-def,tk,No,0.2996276021003723,0.6966550350189209,0.30074558256553796
"Is ""training"" an AI model ""authoring"" content?",allenai/tk-instruct-3b-def,tk,No,0.17278394103050232,0.8243061304092407,0.17328819730499556
"Is a ""wedding"" a ""party""?",allenai/tk-instruct-3b-def,tk,No,0.17461271584033966,0.8201157450675964,0.17553807164717325
"Is ""streaming"" a video ""broadcasting"" that video?",allenai/tk-instruct-3b-def,tk,No,0.24737615883350372,0.7501588463783264,0.24798744659689662
"Is ""braiding"" hair a form of ""weaving""?",allenai/tk-instruct-3b-def,tk,No,0.16279558837413788,0.8332285284996033,0.16344542829455835
"Is ""digging"" a form of ""construction""?",allenai/tk-instruct-3b-def,tk,No,0.21604616940021515,0.7780121564865112,0.21733751810538504
"Is a ""smartphone"" a ""computer""?",allenai/tk-instruct-3b-def,tk,No,0.22307048738002777,0.7725334167480469,0.22405545664808074
"Is a ""cactus"" a ""tree""?",allenai/tk-instruct-3b-def,tk,No,0.12885090708732605,0.8668847680091858,0.12940272233877445
"Is a ""bonus"" a form of ""wages""?",allenai/tk-instruct-3b-def,tk,No,0.20345354080200195,0.7921990156173706,0.20434190570822636
"Is ""forwarding"" an email ""sending"" that email?",allenai/tk-instruct-3b-def,tk,No,0.27421459555625916,0.7224592566490173,0.27512971765991656
"Is a ""chatbot"" a ""service""?",allenai/tk-instruct-3b-def,tk,No,0.2046252340078354,0.7905608415603638,0.20561504931728983
"Is ""plagiarism"" a form of ""theft""?",allenai/tk-instruct-3b-def,tk,No,0.43192100524902344,0.5633311867713928,0.4339814659158904
"Is ""remote viewing"" of an event ""attending"" it?",allenai/tk-instruct-3b-def,tk,No,0.2604120075702667,0.7360717058181763,0.26133092199245467
"Is ""whistling"" a form of ""music""?",allenai/tk-instruct-3b-def,tk,No,0.17054152488708496,0.8264206051826477,0.17106118652185556
"Is ""caching"" data in computer memory ""storing"" that data?",allenai/tk-instruct-3b-def,tk,No,0.27421364188194275,0.722456693649292,0.2751297315734638
"Is a ""waterway"" a form of ""roadway""?",allenai/tk-instruct-3b-def,tk,No,0.1495342254638672,0.8471691012382507,0.1500288214735317
"Is a ""deepfake"" a ""portrait""?",allenai/tk-instruct-3b-def,tk,No,0.15325860679149628,0.8415552973747253,0.15405756408274787
"Is ""humming"" a form of ""singing""?",allenai/tk-instruct-3b-def,tk,No,0.21790847182273865,0.7786118388175964,0.21866937331434516
"Is ""liking"" a social media post ""endorsing"" it?",allenai/tk-instruct-3b-def,tk,No,0.1998996138572693,0.7968192100524902,0.20055767891804932
"Is ""herding"" animals a form of ""transporting"" them?",allenai/tk-instruct-3b-def,tk,No,0.16291578114032745,0.8338436484336853,0.1634454375916495
"Is an ""NFT"" a ""security""?",allenai/tk-instruct-3b-def,tk,No,0.128958597779274,0.8676092028617859,0.12940273375912717
"Is ""sleeping"" an ""activity""?",allenai/tk-instruct-3b-def,tk,No,0.18767301738262177,0.8088703155517578,0.18832399071900635
"Is a ""driverless car"" a ""motor vehicle operator""?",allenai/tk-instruct-3b-def,tk,No,0.15647956728935242,0.8393375277519226,0.15713685582277195
"Is a ""subscription fee"" a form of ""purchase""?",allenai/tk-instruct-3b-def,tk,No,0.2978958189487457,0.6980608701705933,0.29910519423505855
"Is ""mentoring"" someone a form of ""supervising"" them?",allenai/tk-instruct-3b-def,tk,No,0.16291972994804382,0.8338638544082642,0.16344543841304565
"Is a ""biometric scan"" a form of ""signature""?",allenai/tk-instruct-3b-def,tk,No,0.27396324276924133,0.721796989440918,0.27512972893199483
"Is a ""digital wallet"" a ""bank account""?",allenai/tk-instruct-3b-def,tk,No,0.21248801052570343,0.7833449244499207,0.213377167055541
"Is ""dictation"" a form of ""writing""?",allenai/tk-instruct-3b-def,tk,No,0.157705157995224,0.8393285870552063,0.15817434342430128
"Is a ""virtual tour"" a form of ""inspection""?",allenai/tk-instruct-3b-def,tk,No,0.18526217341423035,0.8110538125038147,0.18594720553793226
"Is ""bartering"" a form of ""payment""?",allenai/tk-instruct-3b-def,tk,No,0.16293476521968842,0.8339408040046692,0.1634454391800008
"Is ""listening"" to an audiobook ""reading"" it?",allenai/tk-instruct-3b-def,tk,No,0.23164355754852295,0.765487015247345,0.23231015462600293
"Is a ""nest"" a form of ""dwelling""?",allenai/tk-instruct-3b-def,tk,No,0.2650141417980194,0.7317275404930115,0.26588046482502775
"Is a ""QR code"" a ""document""?",allenai/tk-instruct-3b-def,tk,No,0.16298037767410278,0.8341743350028992,0.16344542687519278
"Is a ""tent"" a ""building""?",allenai/tk-instruct-3b-def,tk,No,0.166144460439682,0.8306700587272644,0.16667540173725756
"Is a ""whisper"" a form of ""speech""?",allenai/tk-instruct-3b-def,tk,No,0.2558584213256836,0.7403509020805359,0.2568319883323893
"Is ""hiking"" a form of ""travel""?",allenai/tk-instruct-3b-def,tk,No,0.19846512377262115,0.7973058819770813,0.19930799614234546
"Is a ""recipe"" a form of ""instruction""?",allenai/tk-instruct-3b-def,tk,No,0.29132312536239624,0.7043288946151733,0.2925953239857428
"Is ""daydreaming"" a form of ""thinking""?",allenai/tk-instruct-3b-def,tk,No,0.26632410287857056,0.729621946811676,0.2674081622808797
"Is ""gossip"" a form of ""news""?",allenai/tk-instruct-3b-def,tk,No,0.16935649514198303,0.8271147012710571,0.16995623732187065
"Is a ""mountain"" a form of ""hill""?",allenai/tk-instruct-3b-def,tk,No,0.24088738858699799,0.7536699175834656,0.24220563972782352
"Is ""walking"" a form of ""exercise""?",allenai/tk-instruct-3b-def,tk,No,0.21499618887901306,0.780303418636322,0.21601152784107824
"Is a ""candle"" a ""lamp""?",allenai/tk-instruct-3b-def,tk,No,0.1532747596502304,0.8416440486907959,0.15405755561683254
"Is a ""trail"" a ""road""?",allenai/tk-instruct-3b-def,tk,No,0.11314933001995087,0.883062481880188,0.1135795908744887
"Is ""repainting"" a house ""repairing"" it?",allenai/tk-instruct-3b-def,tk,No,0.2527305483818054,0.7428163290023804,0.25386102264301075
"Is ""kneeling"" a form of ""sitting""?",allenai/tk-instruct-3b-def,tk,No,0.16181580722332,0.8347094655036926,0.16238003355450042
"Is a ""mask"" a form of ""clothing""?",allenai/tk-instruct-3b-def,tk,No,0.21269652247428894,0.7841135859489441,0.21337717251958352
"Is a ""screenshot"" a ""photograph""?",baichuan-inc/Baichuan2-7B-Chat,baichuan2,No,0.18872198462486267,0.8112779855728149,0.18872199024921626
"Is ""advising"" someone ""instructing"" them?",baichuan-inc/Baichuan2-7B-Chat,baichuan2,Yes,1.0,0.0,1.0
"Is an ""algorithm"" a ""procedure""?",baichuan-inc/Baichuan2-7B-Chat,baichuan2,"Yes, algorithm is a procedure.",0.7185943722724915,0.0,1.0
"Is a ""drone"" an ""aircraft""?",baichuan-inc/Baichuan2-7B-Chat,baichuan2,Yes,0.7587509155273438,0.24124909937381744,0.7587509042210743
"Is ""reading aloud"" a form of ""performance""?",baichuan-inc/Baichuan2-7B-Chat,baichuan2,Yes,1.0,0.0,1.0
"Is ""training"" an AI model ""authoring"" content?",baichuan-inc/Baichuan2-7B-Chat,baichuan2,Yes,1.0,0.0,1.0
"Is a ""wedding"" a ""party""?",baichuan-inc/Baichuan2-7B-Chat,baichuan2,Yes,1.0,0.0,1.0
"Is ""streaming"" a video ""broadcasting"" that video?",baichuan-inc/Baichuan2-7B-Chat,baichuan2,Yes,1.0,0.0,1.0
"Is ""braiding"" hair a form of ""weaving""?",baichuan-inc/Baichuan2-7B-Chat,baichuan2,No,0.0,1.0,0.0
"Is ""digging"" a form of ""construction""?",baichuan-inc/Baichuan2-7B-Chat,baichuan2,No,0.0,1.0,0.0
"Is a ""smartphone"" a ""computer""?",baichuan-inc/Baichuan2-7B-Chat,baichuan2,Smartphones are computers.,0.47398439049720764,0.0,1.0
"Is a ""cactus"" a ""tree""?",baichuan-inc/Baichuan2-7B-Chat,baichuan2,No,0.0,1.0,0.0
"Is a ""bonus"" a form of ""wages""?",baichuan-inc/Baichuan2-7B-Chat,baichuan2,No,0.84112948179245,0.15887045860290527,0.8411295319276769
"Is ""forwarding"" an email ""sending"" that email?",baichuan-inc/Baichuan2-7B-Chat,baichuan2,Yes,1.0,0.0,1.0
"Is a ""chatbot"" a ""service""?",baichuan-inc/Baichuan2-7B-Chat,baichuan2,Yes,1.0,0.0,1.0
"Is ""plagiarism"" a form of ""theft""?",baichuan-inc/Baichuan2-7B-Chat,baichuan2,No,0.0,1.0,0.0
"Is ""remote viewing"" of an event ""attending"" it?",baichuan-inc/Baichuan2-7B-Chat,baichuan2,Yes,1.0,0.0,1.0
"Is ""whistling"" a form of ""music""?",baichuan-inc/Baichuan2-7B-Chat,baichuan2,Yes,1.0,0.0,1.0
"Is ""caching"" data in computer memory ""storing"" that data?",baichuan-inc/Baichuan2-7B-Chat,baichuan2,Yes,1.0,0.0,1.0
"Is a ""waterway"" a form of ""roadway""?",baichuan-inc/Baichuan2-7B-Chat,baichuan2,No,0.0,1.0,0.0
"Is a ""deepfake"" a ""portrait""?",baichuan-inc/Baichuan2-7B-Chat,baichuan2,No,0.0,1.0,0.0
"Is ""humming"" a form of ""singing""?",baichuan-inc/Baichuan2-7B-Chat,baichuan2,No,0.0,1.0,0.0
"Is ""liking"" a social media post ""endorsing"" it?",baichuan-inc/Baichuan2-7B-Chat,baichuan2,Yes,1.0,0.0,1.0
"Is ""herding"" animals a form of ""transporting"" them?",baichuan-inc/Baichuan2-7B-Chat,baichuan2,Yes,1.0,0.0,1.0
"Is an ""NFT"" a ""security""?",baichuan-inc/Baichuan2-7B-Chat,baichuan2,NFT is not considered as a security under the current regulatory framework in most jurisdictions.,0.20519043505191803,0.0,1.0
"Is ""sleeping"" an ""activity""?",baichuan-inc/Baichuan2-7B-Chat,baichuan2,Yes,1.0,0.0,1.0
"Is a ""driverless car"" a ""motor vehicle operator""?",baichuan-inc/Baichuan2-7B-Chat,baichuan2,Yes,0.5518963932991028,0.4481036365032196,0.551896376851309
"Is a ""subscription fee"" a form of ""purchase""?",baichuan-inc/Baichuan2-7B-Chat,baichuan2,Yes,1.0,0.0,1.0
"Is ""mentoring"" someone a form of ""supervising"" them?",baichuan-inc/Baichuan2-7B-Chat,baichuan2,Yes,0.7587509155273438,0.24124909937381744,0.7587509042210743
"Is a ""biometric scan"" a form of ""signature""?",baichuan-inc/Baichuan2-7B-Chat,baichuan2,Yes,0.6513549089431763,0.3486451506614685,0.6513548701194006
"Is a ""digital wallet"" a ""bank account""?",baichuan-inc/Baichuan2-7B-Chat,baichuan2,No,0.0,1.0,0.0
"Is ""dictation"" a form of ""writing""?",baichuan-inc/Baichuan2-7B-Chat,baichuan2,Yes,1.0,0.0,1.0
"Is a ""virtual tour"" a form of ""inspection""?",baichuan-inc/Baichuan2-7B-Chat,baichuan2,Yes,1.0,0.0,1.0
"Is ""bartering"" a form of ""payment""?",baichuan-inc/Baichuan2-7B-Chat,baichuan2,Yes,0.7391724586486816,0.26082754135131836,0.7391724586486816
"Is ""listening"" to an audiobook ""reading"" it?",baichuan-inc/Baichuan2-7B-Chat,baichuan2,Yes,1.0,0.0,1.0
"Is a ""nest"" a form of ""dwelling""?",baichuan-inc/Baichuan2-7B-Chat,baichuan2,Yes,1.0,0.0,1.0
"Is a ""QR code"" a ""document""?",baichuan-inc/Baichuan2-7B-Chat,baichuan2,No,0.42250463366508484,0.5774953961372375,0.4225046210734659
"Is a ""tent"" a ""building""?",baichuan-inc/Baichuan2-7B-Chat,baichuan2,No,0.0,1.0,0.0
"Is a ""whisper"" a form of ""speech""?",baichuan-inc/Baichuan2-7B-Chat,baichuan2,Yes,1.0,0.0,1.0
"Is ""hiking"" a form of ""travel""?",baichuan-inc/Baichuan2-7B-Chat,baichuan2,Yes,0.3486451506614685,0.0,1.0
"Is a ""recipe"" a form of ""instruction""?",baichuan-inc/Baichuan2-7B-Chat,baichuan2,Yes,1.0,0.0,1.0
"Is ""daydreaming"" a form of ""thinking""?",baichuan-inc/Baichuan2-7B-Chat,baichuan2,Yes,1.0,0.0,1.0
"Is ""gossip"" a form of ""news""?",baichuan-inc/Baichuan2-7B-Chat,baichuan2,No,0.0,1.0,0.0
"Is a ""mountain"" a form of ""hill""?",baichuan-inc/Baichuan2-7B-Chat,baichuan2,Yes,0.7772998809814453,0.22270014882087708,0.7772998578161043
"Is ""walking"" a form of ""exercise""?",baichuan-inc/Baichuan2-7B-Chat,baichuan2,Yes,1.0,0.0,1.0
"Is a ""candle"" a ""lamp""?",baichuan-inc/Baichuan2-7B-Chat,baichuan2,No,0.0,1.0,0.0
"Is a ""trail"" a ""road""?",baichuan-inc/Baichuan2-7B-Chat,baichuan2,Yes,1.0,0.0,1.0
"Is ""repainting"" a house ""repairing"" it?",baichuan-inc/Baichuan2-7B-Chat,baichuan2,No,0.0,1.0,0.0
"Is ""kneeling"" a form of ""sitting""?",baichuan-inc/Baichuan2-7B-Chat,baichuan2,No,0.0,1.0,0.0
"Is a ""mask"" a form of ""clothing""?",baichuan-inc/Baichuan2-7B-Chat,baichuan2,Yes,1.0,0.0,1.0
"Is a ""screenshot"" a ""photograph""?",bigscience/bloomz-7b1,bloomz,Yes,0.6068686842918396,0.3918238878250122,0.6076631600508521
"Is ""advising"" someone ""instructing"" them?",bigscience/bloomz-7b1,bloomz,Yes,0.6984422206878662,0.30039626359939575,0.6992544156788787
"Is an ""algorithm"" a ""procedure""?",bigscience/bloomz-7b1,bloomz,Yes,0.7046273946762085,0.2937323749065399,0.7057850447746892
"Is a ""drone"" an ""aircraft""?",bigscience/bloomz-7b1,bloomz,Yes,0.6745992302894592,0.3236762583255768,0.6757645940254117
"Is ""reading aloud"" a form of ""performance""?",bigscience/bloomz-7b1,bloomz,Yes,0.606561005115509,0.3916252553462982,0.607663147792563
"Is ""training"" an AI model ""authoring"" content?",bigscience/bloomz-7b1,bloomz,No,0.3656933903694153,0.6318615078926086,0.36658973957878355
"Is a ""wedding"" a ""party""?",bigscience/bloomz-7b1,bloomz,Yes,0.5378499627113342,0.4600474536418915,0.5389832200156248
"Is ""streaming"" a video ""broadcasting"" that video?",bigscience/bloomz-7b1,bloomz,No,0.46816179156303406,0.5304967761039734,0.4687906424882722
"Is ""braiding"" hair a form of ""weaving""?",bigscience/bloomz-7b1,bloomz,No,0.49504268169403076,0.5028384327888489,0.4960938477631887
"Is ""digging"" a form of ""construction""?",bigscience/bloomz-7b1,bloomz,No,0.38780146837234497,0.610097348690033,0.3886180259376976
"Is a ""smartphone"" a ""computer""?",bigscience/bloomz-7b1,bloomz,Yes,0.5222079157829285,0.4754757285118103,0.5234203434818023
"Is a ""cactus"" a ""tree""?",bigscience/bloomz-7b1,bloomz,No,0.4217721223831177,0.5764941573143005,0.4225046272332868
"Is a ""bonus"" a form of ""wages""?",bigscience/bloomz-7b1,bloomz,No,0.45638328790664673,0.5419685244560242,0.4571367350218788
"Is ""forwarding"" an email ""sending"" that email?",bigscience/bloomz-7b1,bloomz,Yes,0.5107561349868774,0.4873669147491455,0.511716601597327
"Is a ""chatbot"" a ""service""?",bigscience/bloomz-7b1,bloomz,Yes,0.5952017903327942,0.402733713388443,0.5964331242984392
"Is ""plagiarism"" a form of ""theft""?",bigscience/bloomz-7b1,bloomz,Yes,0.7538654208183289,0.24474427103996277,0.7549149852686455
"Is ""remote viewing"" of an event ""attending"" it?",bigscience/bloomz-7b1,bloomz,No,0.47944751381874084,0.5184063911437988,0.4804786667009533
"Is ""whistling"" a form of ""music""?",bigscience/bloomz-7b1,bloomz,No,0.45998281240463257,0.537774384021759,0.46101678249189887
"Is ""caching"" data in computer memory ""storing"" that data?",bigscience/bloomz-7b1,bloomz,Yes,0.5840700268745422,0.4141676425933838,0.5851011685281916
"Is a ""waterway"" a form of ""roadway""?",bigscience/bloomz-7b1,bloomz,No,0.4028882384300232,0.5954301953315735,0.4035668628415158
"Is a ""deepfake"" a ""portrait""?",bigscience/bloomz-7b1,bloomz,No,0.43602317571640015,0.5598648190498352,0.43782350827388755
"Is ""humming"" a form of ""singing""?",bigscience/bloomz-7b1,bloomz,Yes,0.5879603028297424,0.4104624390602112,0.5888891329906701
"Is ""liking"" a social media post ""endorsing"" it?",bigscience/bloomz-7b1,bloomz,Yes,0.617784321308136,0.38060587644577026,0.6187804354429509
"Is ""herding"" animals a form of ""transporting"" them?",bigscience/bloomz-7b1,bloomz,Yes,0.5225974917411804,0.47583043575286865,0.5234203464769321
"Is an ""NFT"" a ""security""?",bigscience/bloomz-7b1,bloomz,No,0.47137412428855896,0.5258558392524719,0.4726834747471608
"Is ""sleeping"" an ""activity""?",bigscience/bloomz-7b1,bloomz,Yes,0.5839123129844666,0.41405579447746277,0.5851011756973824
"Is a ""driverless car"" a ""motor vehicle operator""?",bigscience/bloomz-7b1,bloomz,No,0.41394513845443726,0.5837562084197998,0.41489884698593693
"Is a ""subscription fee"" a form of ""purchase""?",bigscience/bloomz-7b1,bloomz,Yes,0.5421288013458252,0.4565182626247406,0.5428632606101608
"Is ""mentoring"" someone a form of ""supervising"" them?",bigscience/bloomz-7b1,bloomz,Yes,0.5307080149650574,0.4683482050895691,0.5312093597055422
"Is a ""biometric scan"" a form of ""signature""?",bigscience/bloomz-7b1,bloomz,No,0.4915827810764313,0.5071873068809509,0.4921881291837479
"Is a ""digital wallet"" a ""bank account""?",bigscience/bloomz-7b1,bloomz,No,0.3655713200569153,0.6316506266593933,0.36658972584857646
"Is ""dictation"" a form of ""writing""?",bigscience/bloomz-7b1,bloomz,Yes,0.5186594128608704,0.47968152165412903,0.5195213327727952
"Is a ""virtual tour"" a form of ""inspection""?",bigscience/bloomz-7b1,bloomz,No,0.4913388192653656,0.5069355964660645,0.4921881313620207
"Is ""bartering"" a form of ""payment""?",bigscience/bloomz-7b1,bloomz,Yes,0.5302779078483582,0.46796858310699463,0.5312093883153707
"Is ""listening"" to an audiobook ""reading"" it?",bigscience/bloomz-7b1,bloomz,No,0.47958970069885254,0.5185601115226746,0.48047867647388137
"Is a ""nest"" a form of ""dwelling""?",bigscience/bloomz-7b1,bloomz,Yes,0.5842552781105042,0.41429901123046875,0.5851011651015006
"Is a ""QR code"" a ""document""?",bigscience/bloomz-7b1,bloomz,No,0.49479079246520996,0.5025826096534729,0.4960938314718885
"Is a ""tent"" a ""building""?",bigscience/bloomz-7b1,bloomz,No,0.3658532202243805,0.632137656211853,0.36658974431792474
"Is a ""whisper"" a form of ""speech""?",bigscience/bloomz-7b1,bloomz,Yes,0.6394719481468201,0.35871124267578125,0.640635861258926
"Is ""hiking"" a form of ""travel""?",bigscience/bloomz-7b1,bloomz,Yes,0.6749572157859802,0.32384800910949707,0.6757646025095764
"Is a ""recipe"" a form of ""instruction""?",bigscience/bloomz-7b1,bloomz,Yes,0.6216899752616882,0.3770740330219269,0.6224593298371535
"Is ""daydreaming"" a form of ""thinking""?",bigscience/bloomz-7b1,bloomz,Yes,0.6643998622894287,0.33408123254776,0.6654105578210923
"Is ""gossip"" a form of ""news""?",bigscience/bloomz-7b1,bloomz,Yes,0.5726671814918518,0.4255701005458832,0.5736784147380743
"Is a ""mountain"" a form of ""hill""?",bigscience/bloomz-7b1,bloomz,Yes,0.5766624212265015,0.42189523577690125,0.5774953676255635
"Is ""walking"" a form of ""exercise""?",bigscience/bloomz-7b1,bloomz,Yes,0.7050329446792603,0.2939014434814453,0.7057850375712931
"Is a ""candle"" a ""lamp""?",bigscience/bloomz-7b1,bloomz,No,0.4874129891395569,0.5108044147491455,0.48828340123180386
"Is a ""trail"" a ""road""?",bigscience/bloomz-7b1,bloomz,No,0.44839420914649963,0.5493840575218201,0.4493926397532512
"Is ""repainting"" a house ""repairing"" it?",bigscience/bloomz-7b1,bloomz,No,0.4682312309741974,0.5305755138397217,0.46879061781008535
"Is ""kneeling"" a form of ""sitting""?",bigscience/bloomz-7b1,bloomz,No,0.43707168102264404,0.561211109161377,0.4378235158617483
"Is a ""mask"" a form of ""clothing""?",bigscience/bloomz-7b1,bloomz,Yes,0.6100782155990601,0.3877892792224884,0.6113819908605823
"Is a ""screenshot"" a ""photograph""?",bigscience/T0_3B,t0_3b,No,0.2972196340560913,0.6292139291763306,0.32082131504288497
"Is ""advising"" someone ""instructing"" them?",bigscience/T0_3B,t0_3b,No,0.3606511950492859,0.49102985858917236,0.42345804630565803
"Is an ""algorithm"" a ""procedure""?",bigscience/T0_3B,t0_3b,No,0.2674802839756012,0.680371880531311,0.2821962052645084
"Is a ""drone"" an ""aircraft""?",bigscience/T0_3B,t0_3b,No,0.24770426750183105,0.7237899303436279,0.2549724620601746
"Is ""reading aloud"" a form of ""performance""?",bigscience/T0_3B,t0_3b,No,0.3380388021469116,0.6097227931022644,0.356670711117006
"Is ""training"" an AI model ""authoring"" content?",bigscience/T0_3B,t0_3b,No,0.15945647656917572,0.7833408713340759,0.16913123156720938
"Is a ""wedding"" a ""party""?",bigscience/T0_3B,t0_3b,No,0.23774002492427826,0.6852416396141052,0.2575782749088311
"Is ""streaming"" a video ""broadcasting"" that video?",bigscience/T0_3B,t0_3b,No,0.33785203099250793,0.5883343815803528,0.36477757221031354
"Is ""braiding"" hair a form of ""weaving""?",bigscience/T0_3B,t0_3b,No,0.16921626031398773,0.794769823551178,0.1755380737816297
"Is ""digging"" a form of ""construction""?",bigscience/T0_3B,t0_3b,No,0.17366445064544678,0.7983248233795166,0.178669101898944
"Is a ""smartphone"" a ""computer""?",bigscience/T0_3B,t0_3b,No,0.3318715989589691,0.5824528336524963,0.36296919028083674
"Is a ""cactus"" a ""tree""?",bigscience/T0_3B,t0_3b,No,0.27901458740234375,0.6878753900527954,0.2885691173847018
"Is a ""bonus"" a form of ""wages""?",bigscience/T0_3B,t0_3b,No,0.413422554731369,0.5519915819168091,0.42823337574766723
"Is ""forwarding"" an email ""sending"" that email?",bigscience/T0_3B,t0_3b,No,0.2867102026939392,0.6537275910377502,0.3048688649105256
"Is a ""chatbot"" a ""service""?",bigscience/T0_3B,t0_3b,No,0.23783241212368011,0.6735632419586182,0.26095407747270655
"Is ""plagiarism"" a form of ""theft""?",bigscience/T0_3B,t0_3b,No,0.2315782904624939,0.7133113741874695,0.2450850074101325
"Is ""remote viewing"" of an event ""attending"" it?",bigscience/T0_3B,t0_3b,Yes,0.5100110769271851,0.46075665950775146,0.5253687960419432
"Is ""whistling"" a form of ""music""?",bigscience/T0_3B,t0_3b,No,0.33136147260665894,0.6166512370109558,0.34953273225663306
"Is ""caching"" data in computer memory ""storing"" that data?",bigscience/T0_3B,t0_3b,No,0.1647779494524002,0.8031834959983826,0.17023193457427696
"Is a ""waterway"" a form of ""roadway""?",bigscience/T0_3B,t0_3b,No,0.19819806516170502,0.7854210734367371,0.20149878889517872
"Is a ""deepfake"" a ""portrait""?",bigscience/T0_3B,t0_3b,No,0.09209392219781876,0.8568627238273621,0.0970475548946996
"Is ""humming"" a form of ""singing""?",bigscience/T0_3B,t0_3b,No,0.3118063509464264,0.6485921740531921,0.32466350460768384
"Is ""liking"" a social media post ""endorsing"" it?",bigscience/T0_3B,t0_3b,No,0.3876228928565979,0.5216036438941956,0.4263215790443213
"Is ""herding"" animals a form of ""transporting"" them?",bigscience/T0_3B,t0_3b,No,0.28090742230415344,0.7007054686546326,0.28616924746146966
"Is an ""NFT"" a ""security""?",bigscience/T0_3B,t0_3b,No,0.13027647137641907,0.8233726024627686,0.13660839710351083
"Is ""sleeping"" an ""activity""?",bigscience/T0_3B,t0_3b,No,0.30753034353256226,0.6372036933898926,0.32552055024329013
"Is a ""driverless car"" a ""motor vehicle operator""?",bigscience/T0_3B,t0_3b,No,0.23655177652835846,0.7117521166801453,0.2494472270149668
"Is a ""subscription fee"" a form of ""purchase""?",bigscience/T0_3B,t0_3b,No,0.3919418752193451,0.5636281967163086,0.41016549882669173
"Is ""mentoring"" someone a form of ""supervising"" them?",bigscience/T0_3B,t0_3b,No,0.22512826323509216,0.688047468662262,0.2465333400476282
"Is a ""biometric scan"" a form of ""signature""?",bigscience/T0_3B,t0_3b,No,0.3603740334510803,0.5988163352012634,0.3757064762414196
"Is a ""digital wallet"" a ""bank account""?",bigscience/T0_3B,t0_3b,No,0.16940662264823914,0.7681772708892822,0.18068422870306017
"Is ""dictation"" a form of ""writing""?",bigscience/T0_3B,t0_3b,No,0.2240162044763565,0.7431790828704834,0.23161424316992504
"Is a ""virtual tour"" a form of ""inspection""?",bigscience/T0_3B,t0_3b,No,0.37518414855003357,0.5948768854141235,0.3867634462306382
"Is ""bartering"" a form of ""payment""?",bigscience/T0_3B,t0_3b,No,0.2584269940853119,0.6915864944458008,0.2720245524986022
"Is ""listening"" to an audiobook ""reading"" it?",bigscience/T0_3B,t0_3b,No,0.3747716546058655,0.5895985960960388,0.38861801712889094
"Is a ""nest"" a form of ""dwelling""?",bigscience/T0_3B,t0_3b,No,0.22583846747875214,0.7521569728851318,0.2309197549987801
"Is a ""QR code"" a ""document""?",bigscience/T0_3B,t0_3b,No,0.2609900236129761,0.6561288237571716,0.28457601145300737
"Is a ""tent"" a ""building""?",bigscience/T0_3B,t0_3b,No,0.23376686871051788,0.7271189093589783,0.2432826815068239
"Is a ""whisper"" a form of ""speech""?",bigscience/T0_3B,t0_3b,No,0.42890530824661255,0.5053739547729492,0.45907612982910895
"Is ""hiking"" a form of ""travel""?",bigscience/T0_3B,t0_3b,No,0.391866534948349,0.5657253861427307,0.4092208030554983
"Is a ""recipe"" a form of ""instruction""?",bigscience/T0_3B,t0_3b,No,0.39026811718940735,0.5546827912330627,0.4130035896160287
"Is ""daydreaming"" a form of ""thinking""?",bigscience/T0_3B,t0_3b,No,0.19986513257026672,0.7296497821807861,0.21502089896405327
"Is ""gossip"" a form of ""news""?",bigscience/T0_3B,t0_3b,No,0.27899986505508423,0.6214108467102051,0.30985844727246126
"Is a ""mountain"" a form of ""hill""?",bigscience/T0_3B,t0_3b,No,0.2631353437900543,0.6758882999420166,0.28022227719873477
"Is ""walking"" a form of ""exercise""?",bigscience/T0_3B,t0_3b,No,0.31238865852355957,0.6261315941810608,0.3328523360293189
"Is a ""candle"" a ""lamp""?",bigscience/T0_3B,t0_3b,No,0.22778968513011932,0.7210919260978699,0.2400612283289237
"Is a ""trail"" a ""road""?",bigscience/T0_3B,t0_3b,No,0.21717670559883118,0.736135721206665,0.22781272906153108
"Is ""repainting"" a house ""repairing"" it?",bigscience/T0_3B,t0_3b,No,0.23803746700286865,0.7218396067619324,0.2479874491316323
"Is ""kneeling"" a form of ""sitting""?",bigscience/T0_3B,t0_3b,No,0.18105250597000122,0.765242874622345,0.1913276865587878
"Is a ""mask"" a form of ""clothing""?",bigscience/T0_3B,t0_3b,No,0.375162810087204,0.5948430895805359,0.3867634312489337
"Is a ""screenshot"" a ""photograph""?",facebook/opt-iml-1.3b,opt,Yes,0.5081073641777039,0.5081073641777039,0.5
"Is ""advising"" someone ""instructing"" them?",facebook/opt-iml-1.3b,opt,No.,0.014200909063220024,0.014200909063220024,0.5
"Is an ""algorithm"" a ""procedure""?",facebook/opt-iml-1.3b,opt,No,0.5759157538414001,0.5759157538414001,0.5
"Is a ""drone"" an ""aircraft""?",facebook/opt-iml-1.3b,opt,"Yes

No",0.9314548373222351,0.9314548373222351,0.5
"Is ""reading aloud"" a form of ""performance""?",facebook/opt-iml-1.3b,opt,,0.32623788714408875,0.32623788714408875,0.5
"Is ""training"" an AI model ""authoring"" content?",facebook/opt-iml-1.3b,opt,No,0.47914642095565796,0.47914642095565796,0.5
"Is a ""wedding"" a ""party""?",facebook/opt-iml-1.3b,opt,"No

Yes",0.5145984292030334,0.5145984292030334,0.5
"Is ""streaming"" a video ""broadcasting"" that video?",facebook/opt-iml-1.3b,opt,"No

Yes",0.2943185269832611,0.2943185269832611,0.5
"Is ""braiding"" hair a form of ""weaving""?",facebook/opt-iml-1.3b,opt,Yes,0.6895754933357239,0.6895754933357239,0.5
"Is ""digging"" a form of ""construction""?",facebook/opt-iml-1.3b,opt,No,0.127432718873024,0.127432718873024,0.5
"Is a ""smartphone"" a ""computer""?",facebook/opt-iml-1.3b,opt,"Yes

No",0.8821389675140381,0.8821389675140381,0.5
"Is a ""cactus"" a ""tree""?",facebook/opt-iml-1.3b,opt,"Yes, a cactus is a tree.

No, a cactus is not a tree.",0.0351514108479023,0.0351514108479023,0.5
"Is a ""bonus"" a form of ""wages""?",facebook/opt-iml-1.3b,opt,No,0.5202919840812683,0.5202919840812683,0.5
"Is ""forwarding"" an email ""sending"" that email?",facebook/opt-iml-1.3b,opt,I'm not sure what you mean by this.,0.024617910385131836,0.024617910385131836,0.5
"Is a ""chatbot"" a ""service""?",facebook/opt-iml-1.3b,opt,"Yes

No",0.729623556137085,0.729623556137085,0.5
"Is ""plagiarism"" a form of ""theft""?",facebook/opt-iml-1.3b,opt,No,0.30757519602775574,0.30757519602775574,0.5
"Is ""remote viewing"" of an event ""attending"" it?",facebook/opt-iml-1.3b,opt,"Yes, I am attending the event.

No, I am not attending the event.",0.1009487733244896,0.1009487733244896,0.5
"Is ""whistling"" a form of ""music""?",facebook/opt-iml-1.3b,opt,No,0.17724759876728058,0.17724759876728058,0.5
"Is ""caching"" data in computer memory ""storing"" that data?",facebook/opt-iml-1.3b,opt,No,0.3055308163166046,0.3055308163166046,0.5
"Is a ""waterway"" a form of ""roadway""?",facebook/opt-iml-1.3b,opt,No,0.43178167939186096,0.43178167939186096,0.5
"Is a ""deepfake"" a ""portrait""?",facebook/opt-iml-1.3b,opt,No,0.6924734711647034,0.6924734711647034,0.5
"Is ""humming"" a form of ""singing""?",facebook/opt-iml-1.3b,opt,No,0.17494814097881317,0.17494814097881317,0.5
"Is ""liking"" a social media post ""endorsing"" it?",facebook/opt-iml-1.3b,opt,"Yes

No",0.7584433555603027,0.7584433555603027,0.5
"Is ""herding"" animals a form of ""transporting"" them?",facebook/opt-iml-1.3b,opt,No,0.15153585374355316,0.15153585374355316,0.5
"Is an ""NFT"" a ""security""?",facebook/opt-iml-1.3b,opt,"Yes

No",0.8359066843986511,0.8359066843986511,0.5
"Is ""sleeping"" an ""activity""?",facebook/opt-iml-1.3b,opt,No,0.32573071122169495,0.32573071122169495,0.5
"Is a ""driverless car"" a ""motor vehicle operator""?",facebook/opt-iml-1.3b,opt,Yes,0.13673554360866547,0.13673554360866547,0.5
"Is a ""subscription fee"" a form of ""purchase""?",facebook/opt-iml-1.3b,opt,"Yes

No",0.11333853751420975,0.11333853751420975,0.5
"Is ""mentoring"" someone a form of ""supervising"" them?",facebook/opt-iml-1.3b,opt,"Yes, mentoring is a form of supervising.

Yes, mentoring is a form of supervising.

Yes, mentoring is a form of supervising.

Yes, mentoring is a form of superv",0.1532990038394928,0.1532990038394928,0.5
"Is a ""biometric scan"" a form of ""signature""?",facebook/opt-iml-1.3b,opt,"Yes

No",0.7227171063423157,0.7227171063423157,0.5
"Is a ""digital wallet"" a ""bank account""?",facebook/opt-iml-1.3b,opt,"Yes

No",0.8465272188186646,0.8465272188186646,0.5
"Is ""dictation"" a form of ""writing""?",facebook/opt-iml-1.3b,opt,"No

Yes",0.2223253846168518,0.2223253846168518,0.5
"Is a ""virtual tour"" a form of ""inspection""?",facebook/opt-iml-1.3b,opt,No,0.059060148894786835,0.059060148894786835,0.5
"Is ""bartering"" a form of ""payment""?",facebook/opt-iml-1.3b,opt,No,0.12956906855106354,0.12956906855106354,0.5
"Is ""listening"" to an audiobook ""reading"" it?",facebook/opt-iml-1.3b,opt,"I think it's a little more complicated than that.  I think it's more like ""listening"" to a book, but with the audio book.  I think it's more like ""reading"" a book, but with the audio",0.029931316152215004,0.029931316152215004,0.5
"Is a ""nest"" a form of ""dwelling""?",facebook/opt-iml-1.3b,opt,"Yes

No",0.8819401264190674,0.8819401264190674,0.5
"Is a ""QR code"" a ""document""?",facebook/opt-iml-1.3b,opt,No,0.28953444957733154,0.28953444957733154,0.5
"Is a ""tent"" a ""building""?",facebook/opt-iml-1.3b,opt,No,0.3018866181373596,0.3018866181373596,0.5
"Is a ""whisper"" a form of ""speech""?",facebook/opt-iml-1.3b,opt,No,0.5461783409118652,0.5461783409118652,0.5
"Is ""hiking"" a form of ""travel""?",facebook/opt-iml-1.3b,opt,No,0.08413836359977722,0.08413836359977722,0.5
"Is a ""recipe"" a form of ""instruction""?",facebook/opt-iml-1.3b,opt,No,0.34639403223991394,0.34639403223991394,0.5
"Is ""daydreaming"" a form of ""thinking""?",facebook/opt-iml-1.3b,opt,No,0.14743736386299133,0.14743736386299133,0.5
"Is ""gossip"" a form of ""news""?",facebook/opt-iml-1.3b,opt,No,0.46434247493743896,0.46434247493743896,0.5
"Is a ""mountain"" a form of ""hill""?",facebook/opt-iml-1.3b,opt,No,0.08266672492027283,0.08266672492027283,0.5
"Is ""walking"" a form of ""exercise""?",facebook/opt-iml-1.3b,opt,Exercise is a form of physical activity that is performed to improve health and fitness. It is a form of physical activity that is performed to improve health and fitness. Exercise is a form of physical activity that is performed to improve health and fitness,0.08366069197654724,0.08366069197654724,0.5
"Is a ""candle"" a ""lamp""?",facebook/opt-iml-1.3b,opt,No. A candle is a light source. A lamp is a light source.,0.29136011004447937,0.29136011004447937,0.5
"Is a ""trail"" a ""road""?",facebook/opt-iml-1.3b,opt,"No

Yes",0.21260665357112885,0.21260665357112885,0.5
"Is ""repainting"" a house ""repairing"" it?",facebook/opt-iml-1.3b,opt,"No

Yes",0.28272533416748047,0.28272533416748047,0.5
"Is ""kneeling"" a form of ""sitting""?",facebook/opt-iml-1.3b,opt,No,0.15263603627681732,0.15263603627681732,0.5
"Is a ""mask"" a form of ""clothing""?",facebook/opt-iml-1.3b,opt,Yes,0.7152509689331055,0.7152509689331055,0.5
"Is a ""screenshot"" a ""photograph""?",h2oai/h2ogpt-oasst1-512-12b,h2ogpt,"A:

A screenshot is a photograph of a computer screen.
A photograph is a photograph of a real-world object.

A:

A screenshot is a photograph of a computer screen.
A photograph is a",0.00716792419552803,0.00215220102109015,0.7690802461266633
"Is ""advising"" someone ""instructing"" them?",h2oai/h2ogpt-oasst1-512-12b,h2ogpt,"A:

Yes, advising someone is the same as instructing them.

A:

Yes, advising someone is the same as instructing them.

A:

Yes, advising someone is the same as",0.007051447872072458,0.0023072247859090567,0.7534666645337417
"Is an ""algorithm"" a ""procedure""?",h2oai/h2ogpt-oasst1-512-12b,h2ogpt,"A:

Yes, an algorithm is a procedure.

A:

Yes, an algorithm is a procedure.

A:

Yes, an algorithm is a procedure.

A:

Yes,",0.005622564814984798,0.0018980945460498333,0.7476159396496441
"Is a ""drone"" an ""aircraft""?",h2oai/h2ogpt-oasst1-512-12b,h2ogpt,"A:

Yes, a drone is an aircraft.

A:

Yes, a drone is an aircraft.

A:

Yes, a drone is an aircraft.

A:

Yes,",0.019115323200821877,0.0062058367766439915,0.7549149888011936
"Is ""reading aloud"" a form of ""performance""?",h2oai/h2ogpt-oasst1-512-12b,h2ogpt,"Yes

No

What is the difference between ""reading aloud"" and ""reading silently""?

Answer either 'Yes' or 'No', without any other text.

Yes

No

What is the difference",0.0037341166753321886,0.14122067391872406,0.025760560655008133
"Is ""training"" an AI model ""authoring"" content?",h2oai/h2ogpt-oasst1-512-12b,h2ogpt,"Training an AI model to generate content is not the same as authoring content.

Training an AI model to generate content is not the same as authoring content.

Training an AI model to generate content is not the same as",0.0051193260587751865,0.009126185439527035,0.359364144936832
"Is a ""wedding"" a ""party""?",h2oai/h2ogpt-oasst1-512-12b,h2ogpt,"Is a ""wedding"" a ""party""? Answer either 'Yes' or 'No', without any other text.

Is a ""wedding"" a ""party""? Answer either 'Yes' or 'No', without any other",0.002394102280959487,0.008036116138100624,0.2295352009680373
"Is ""streaming"" a video ""broadcasting"" that video?",h2oai/h2ogpt-oasst1-512-12b,h2ogpt,"Yes

No

What is the difference between a ""broadcast"" and a ""stream""? Answer either 'Yes' or 'No', without any other text.

Yes

No

What is the difference between",0.0035708341747522354,0.10936318337917328,0.03161876511696024
"Is ""braiding"" hair a form of ""weaving""?",h2oai/h2ogpt-oasst1-512-12b,h2ogpt,"A:

Yes, braiding is a form of weaving.

Braiding is a type of weaving in which the weft is a single strand of hair. It is a technique used to create a variety of styles, including",0.014902009628713131,0.006664591375738382,0.690976275104141
"Is ""digging"" a form of ""construction""?",h2oai/h2ogpt-oasst1-512-12b,h2ogpt,"A:

Yes, digging is a form of construction.

A:

Yes, digging is a form of construction.

A:

Yes, digging is a form of construction.

A:",0.01109320018440485,0.003744899295270443,0.7476159732990014
"Is a ""smartphone"" a ""computer""?",h2oai/h2ogpt-oasst1-512-12b,h2ogpt,"A:

Yes, a smartphone is a computer.

A:

A smartphone is a computer.

A:

A smartphone is a computer.

A:

A smartphone is a computer.",0.020797722041606903,0.006342947017401457,0.7662936383914918
"Is a ""cactus"" a ""tree""?",h2oai/h2ogpt-oasst1-512-12b,h2ogpt,"A:

Yes, a cactus is a type of tree.

A:

Yes, a cactus is a type of tree.

A:

Yes, a cactus is a",0.0009244405082426965,0.009191769175231457,0.09138210230585306
"Is a ""bonus"" a form of ""wages""?",h2oai/h2ogpt-oasst1-512-12b,h2ogpt,"Bonus is a form of wages.

Bonus is not a form of wages.

Bonus is a form of wages.

Bonus is not a form of wages.

Bonus is a form of",0.002237714594230056,0.0067857857793569565,0.24798742190781578
"Is ""forwarding"" an email ""sending"" that email?",h2oai/h2ogpt-oasst1-512-12b,h2ogpt,"Is ""forwarding"" an email ""sending"" that email? Answer either 'Yes' or 'No', without any other text.

Is ""forwarding"" an email ""sending"" that email? Answer either 'Yes",0.005582539830356836,0.007002073340117931,0.443600431315143
"Is a ""chatbot"" a ""service""?",h2oai/h2ogpt-oasst1-512-12b,h2ogpt,"Is a ""chatbot"" a ""service""? Answer either 'Yes' or 'No', without any other text.

Is a ""chatbot"" a ""service""? Answer either 'Yes' or 'No', without any other",0.00241920561529696,0.005894761998206377,0.2909808803401816
"Is ""plagiarism"" a form of ""theft""?",h2oai/h2ogpt-oasst1-512-12b,h2ogpt,"The answer is 'Yes'.

The answer is 'No'.

The answer is 'Yes'.

The answer is 'No'.

The answer is 'Yes'.

The answer is 'No'.",0.0022108880802989006,0.00821444671601057,0.21206878469567678
"Is ""remote viewing"" of an event ""attending"" it?",h2oai/h2ogpt-oasst1-512-12b,h2ogpt,"Yes

No

If you answered 'Yes' to the previous question, please explain why you think remote viewing is attending an event.

If you answered 'No' to the previous question, please explain why you think remote",0.0020546980667859316,0.17105823755264282,0.011869119193397408
"Is ""whistling"" a form of ""music""?",h2oai/h2ogpt-oasst1-512-12b,h2ogpt,"A:

Yes, whistling is a form of music.

A:

Whistling is a form of music.

A:

Whistling is a form of music.

A:",0.01683407463133335,0.008140426129102707,0.6740504962566237
"Is ""caching"" data in computer memory ""storing"" that data?",h2oai/h2ogpt-oasst1-512-12b,h2ogpt,"A:

Yes, caching is storing data in computer memory.

A:

Yes, caching is storing data in computer memory.

A:

Yes, caching is storing data in computer memory.",0.012787268497049809,0.004384771920740604,0.7446563242305244
"Is a ""waterway"" a form of ""roadway""?",h2oai/h2ogpt-oasst1-512-12b,h2ogpt,"A:

Yes, a waterway is a type of roadway.

A:

Yes, a waterway is a type of roadway.

A:

Yes, a waterway is a type of roadway",0.020067717880010605,0.0050344280898571014,0.7994423227440249
"Is a ""deepfake"" a ""portrait""?",h2oai/h2ogpt-oasst1-512-12b,h2ogpt,"Is a ""deepfake"" a ""portrait""? Answer either 'Yes' or 'No', without any other text.

Is a ""deepfake"" a ""portrait""? Answer either 'Yes' or 'No', without",0.0023263036273419857,0.007165519520640373,0.24508501592093815
"Is ""humming"" a form of ""singing""?",h2oai/h2ogpt-oasst1-512-12b,h2ogpt,"A:

Yes, humming is a form of singing.

Humming is a form of singing that involves a sustained, low-pitched vocal sound without any actual singing. It is often used to express feelings or emotions",0.0174622293561697,0.0076286825351417065,0.6959583386930069
"Is ""liking"" a social media post ""endorsing"" it?",h2oai/h2ogpt-oasst1-512-12b,h2ogpt,"Do you think that ""liking"" a social media post ""endorsing"" it is a good thing? Answer either 'Yes' or 'No', without any other text.

Do you think that ""liking"" a",0.003749622032046318,0.0056729973293840885,0.39793839570710454
"Is ""herding"" animals a form of ""transporting"" them?",h2oai/h2ogpt-oasst1-512-12b,h2ogpt,"Answer:

Yes

Explanation:

Herding animals is a form of transporting them.

Question:

What is the difference between ""herding"" and ""transporting"" animals?

Answer:",0.10292839258909225,0.19079910218715668,0.35042137498057313
"Is an ""NFT"" a ""security""?",h2oai/h2ogpt-oasst1-512-12b,h2ogpt,"A:

No, an NFT is not a security.
A security is a financial instrument that is traded on a stock exchange.
An NFT is a non-financial token, which is not a security.",0.0067496635019779205,0.0027058881241828203,0.7138307492609505
"Is ""sleeping"" an ""activity""?",h2oai/h2ogpt-oasst1-512-12b,h2ogpt,"Yes

No

What is the name of the person who is sleeping?

Answer either 'Yes' or 'No', without any other text.

Yes

No

What is the name of the person",0.004986364860087633,0.12175608426332474,0.039342500437499685
"Is a ""driverless car"" a ""motor vehicle operator""?",h2oai/h2ogpt-oasst1-512-12b,h2ogpt,"A:

The answer is ""No"".
The definition of ""motor vehicle operator"" is:

a person who drives a motor vehicle on a highway or other public place.

A ""driverless car"" is not",0.0298631489276886,0.015614310279488564,0.6566582533039941
"Is a ""subscription fee"" a form of ""purchase""?",h2oai/h2ogpt-oasst1-512-12b,h2ogpt,"A:

No, a subscription fee is not a purchase. A purchase is a transaction where money changes hands. A subscription fee is a recurring payment, where money is paid to a company on a regular basis.

A:",0.01224858034402132,0.003296660492196679,0.7879312049951667
"Is ""mentoring"" someone a form of ""supervising"" them?",h2oai/h2ogpt-oasst1-512-12b,h2ogpt,"Supervising someone is a form of mentoring them.

Mentoring is a form of supervising someone.

Mentoring is a form of supervising someone.

Mentoring is a form of superv",0.0035383624490350485,0.008554662577807903,0.292595313511791
"Is a ""biometric scan"" a form of ""signature""?",h2oai/h2ogpt-oasst1-512-12b,h2ogpt,"Is a ""biometric scan"" a form of ""signature""? Answer either 'Yes' or 'No', without any other text.

Is a ""biometric scan"" a form of ""signature""? Answer either 'Yes' or",0.0027140763122588396,0.010084017179906368,0.21206879867851838
"Is a ""digital wallet"" a ""bank account""?",h2oai/h2ogpt-oasst1-512-12b,h2ogpt,"A digital wallet is a bank account.

A digital wallet is not a bank account.

A digital wallet is a bank account.

A digital wallet is not a bank account.

A digital wallet is a bank",0.001797773758880794,0.006423651240766048,0.21866936193640626
"Is ""dictation"" a form of ""writing""?",h2oai/h2ogpt-oasst1-512-12b,h2ogpt,"Is ""dictation"" a form of ""speaking""? Answer either 'Yes' or 'No', without any other text.

Is ""dictation"" a form of ""reading""? Answer either 'Yes' or 'No', without",0.0018635349115356803,0.007845775224268436,0.1919327826045742
"Is a ""virtual tour"" a form of ""inspection""?",h2oai/h2ogpt-oasst1-512-12b,h2ogpt,"Is a ""virtual tour"" a form of ""inspection""? Answer either 'Yes' or 'No', without any other text.

Is a ""virtual tour"" a form of ""inspection""? Answer either 'Yes' or",0.002018814207985997,0.006267156917601824,0.24364243821122164
"Is ""bartering"" a form of ""payment""?",h2oai/h2ogpt-oasst1-512-12b,h2ogpt,"Is ""bartering"" a form of ""payment""? Answer either 'Yes' or 'No', without any other text.

Is ""bartering"" a form of ""payment""? Answer either 'Yes' or 'No', without",0.0036441879346966743,0.008472991175949574,0.30074556969244287
"Is ""listening"" to an audiobook ""reading"" it?",h2oai/h2ogpt-oasst1-512-12b,h2ogpt,"I'm not sure if this is the right place to ask this question, but I'm having trouble understanding the difference between ""listening to an audiobook"" and ""reading an audiobook"".

I've been listening to",0.0034480509348213673,0.007590304594486952,0.3123699835239342
"Is a ""nest"" a form of ""dwelling""?",h2oai/h2ogpt-oasst1-512-12b,h2ogpt,"A:

Yes, a nest is a form of dwelling.

A:

Yes, a nest is a form of dwelling.

A:

Yes, a nest is a form of dwelling.",0.013855370692908764,0.0046048518270254135,0.7505527453933512
"Is a ""QR code"" a ""document""?",h2oai/h2ogpt-oasst1-512-12b,h2ogpt,"A:

A QR code is a type of barcode that can be read by a camera. It is a matrix of black and white squares, with the black squares representing binary data.
A document is a piece of paper with",0.004806702025234699,0.0010314325336366892,0.8233284068334179
"Is a ""tent"" a ""building""?",h2oai/h2ogpt-oasst1-512-12b,h2ogpt,"A:

A tent is a building.

A:

A tent is a building.

A:

A tent is a building.

A:

A tent is a building.",0.013027184642851353,0.0035062190145254135,0.7879312035691434
"Is a ""whisper"" a form of ""speech""?",h2oai/h2ogpt-oasst1-512-12b,h2ogpt,"Is a ""whisper"" a form of ""speech""? Answer either 'Yes' or 'No', without any other text.

Is a ""whisper"" a form of ""speech""? Answer either 'Yes' or",0.0012640026398003101,0.008981984108686447,0.12336563288909116
"Is ""hiking"" a form of ""travel""?",h2oai/h2ogpt-oasst1-512-12b,h2ogpt,"Is ""hiking"" a form of ""travel""? Answer either 'Yes' or 'No', without any other text.

Is ""hiking"" a form of ""travel""? Answer either 'Yes' or 'No', without",0.003125324146822095,0.008696977980434895,0.2643583384336357
"Is a ""recipe"" a form of ""instruction""?",h2oai/h2ogpt-oasst1-512-12b,h2ogpt,"Is a ""recipe"" a form of ""instruction""? Answer either 'Yes' or 'No', without any other text.

Is a ""recipe"" a form of ""instruction""? Answer either 'Yes' or 'No",0.001767727080732584,0.008237996138632298,0.17667159504386046
"Is ""daydreaming"" a form of ""thinking""?",h2oai/h2ogpt-oasst1-512-12b,h2ogpt,"Daydreaming is a form of thinking.

Daydreaming is not a form of thinking.

Daydreaming is a form of thinking.

Daydreaming is not a form of thinking.

Daydream",0.0019353028619661927,0.006345613859593868,0.23370635486859437
"Is ""gossip"" a form of ""news""?",h2oai/h2ogpt-oasst1-512-12b,h2ogpt,"Is ""gossip"" a form of ""rumour""? Answer either 'Yes' or 'No', without any other text.

Is ""gossip"" a form of ""rumour""? Answer either 'Yes' or 'No",0.0022084065712988377,0.006749433930963278,0.2465333660206554
"Is a ""mountain"" a form of ""hill""?",h2oai/h2ogpt-oasst1-512-12b,h2ogpt,"Is a ""mountain"" a form of ""hill""? Answer either 'Yes' or 'No', without any other text.

Is a ""mountain"" a form of ""hill""? Answer either 'Yes' or 'No",0.0018341210670769215,0.009098666720092297,0.16776334662138567
"Is ""walking"" a form of ""exercise""?",h2oai/h2ogpt-oasst1-512-12b,h2ogpt,"Answer:

No

Explanation:

Walking is not considered an exercise. Exercise is defined as ""physical activity that improves or maintains physical fitness"". Walking is a form of exercise, but it is not considered an exercise",0.17780499160289764,0.2046523094177246,0.4649015488223359
"Is a ""candle"" a ""lamp""?",h2oai/h2ogpt-oasst1-512-12b,h2ogpt,"A:

A candle is a candle, a lamp is a lamp.

A:

A candle is a candle, a lamp is a lamp.

A:

A candle is a candle, a lamp",0.012847483158111572,0.004838406108319759,0.7264256246643314
"Is a ""trail"" a ""road""?",h2oai/h2ogpt-oasst1-512-12b,h2ogpt,"A:

Yes, a trail is a road.

A:

Yes, a trail is a road.

A:

Yes, a trail is a road.

A:

Yes,",0.008168132044374943,0.0020814246963709593,0.7969253940420173
"Is ""repainting"" a house ""repairing"" it?",h2oai/h2ogpt-oasst1-512-12b,h2ogpt,"A:

Yes, repainting a house is repairing it.

Repairing is defined as:

to restore to a sound or good condition after damage, decay, or disrepair.

To paint",0.012741794809699059,0.006307645700871944,0.6688802646265817
"Is ""kneeling"" a form of ""sitting""?",h2oai/h2ogpt-oasst1-512-12b,h2ogpt,"A:

Yes, kneeling is a form of sitting.

A:

Yes, kneeling is a form of sitting.

A:

Yes, kneeling is a form of sitting.",0.020014049485325813,0.007656055968254805,0.7233094763191775
"Is a ""mask"" a form of ""clothing""?",h2oai/h2ogpt-oasst1-512-12b,h2ogpt,"A:

A mask is a form of clothing.

A mask is a form of clothing.

A mask is a form of clothing.

A mask is a form of clothing.

A mask is a",0.011955010704696178,0.0031677621882408857,0.7905303339098376
"Is a ""screenshot"" a ""photograph""?",mistralai/Mistral-7B-Instruct-v0.3,mistral,"No.

(Note: This question is intended to be a simple, factual question, and the answer is intended to be a simple, factual answer. The question is not intended to be a philosophical or semantic question",5.0450594223094836e-12,5.0450594223094836e-12,0.5
"Is ""advising"" someone ""instructing"" them?",mistralai/Mistral-7B-Instruct-v0.3,mistral,"Yes.

Advising someone can involve giving them guidance or recommendations, which can be considered a form of instruction. However, it's important to note that not all advising is necessarily instructing, as it can also involve sharing",4.0988325472439413e-13,4.0988325472439413e-13,0.5
"Is an ""algorithm"" a ""procedure""?",mistralai/Mistral-7B-Instruct-v0.3,mistral,"Yes.

An algorithm is a step-by-step procedure for solving a problem or accomplishing a task, typically expressed in a formal language. A procedure is a sequence of steps to be performed, especially in a computer program.",2.5983473185553496e-12,2.5983473185553496e-12,0.5
"Is a ""drone"" an ""aircraft""?",mistralai/Mistral-7B-Instruct-v0.3,mistral,"Yes.

(Note: This question is intended to be a simple yes/no question, but it is also a question that has been the subject of legal and regulatory debate. The Federal Aviation Administration (FAA) in",4.811120685871417e-12,4.811120685871417e-12,0.5
"Is ""reading aloud"" a form of ""performance""?",mistralai/Mistral-7B-Instruct-v0.3,mistral,"Yes.

Reading aloud is a form of performance because it involves the oral delivery of written words, which can be interpreted and presented in a way that engages an audience. This performance can be influenced by factors such as tone",2.1394739278812747e-12,2.1394739278812747e-12,0.5
"Is ""training"" an AI model ""authoring"" content?",mistralai/Mistral-7B-Instruct-v0.3,mistral,"No. Training an AI model involves providing it with data to learn from, but it does not create or author the content itself. The content is based on the data provided during training.",7.923165839781102e-14,7.923165839781102e-14,0.5
"Is a ""wedding"" a ""party""?",mistralai/Mistral-7B-Instruct-v0.3,mistral,Yes.,5.766209124763444e-12,5.766209124763444e-12,0.5
"Is ""streaming"" a video ""broadcasting"" that video?",mistralai/Mistral-7B-Instruct-v0.3,mistral,Yes.,1.4289422509833338e-12,1.4289422509833338e-12,0.5
"Is ""braiding"" hair a form of ""weaving""?",mistralai/Mistral-7B-Instruct-v0.3,mistral,Yes,8.953256972615842e-13,8.953256972615842e-13,0.5
"Is ""digging"" a form of ""construction""?",mistralai/Mistral-7B-Instruct-v0.3,mistral,"Yes.

Digging involves the excavation of soil or other materials, which is a process often associated with construction projects.",6.719889943974933e-13,6.719889943974933e-13,0.5
"Is a ""smartphone"" a ""computer""?",mistralai/Mistral-7B-Instruct-v0.3,mistral,"Yes.

(Note: This question is intentionally vague, as the term ""computer"" can be interpreted in many ways. In this context, a ""computer"" is defined as a general-purpose device that can",3.686041489397995e-12,3.686041489397995e-12,0.5
"Is a ""cactus"" a ""tree""?",mistralai/Mistral-7B-Instruct-v0.3,mistral,No,4.137110359153651e-12,4.137110359153651e-12,0.5
"Is a ""bonus"" a form of ""wages""?",mistralai/Mistral-7B-Instruct-v0.3,mistral,Yes.,3.1802371066452784e-12,3.1802371066452784e-12,0.5
"Is ""forwarding"" an email ""sending"" that email?",mistralai/Mistral-7B-Instruct-v0.3,mistral,Yes.,1.3252624908935418e-12,1.3252624908935418e-12,0.5
"Is a ""chatbot"" a ""service""?",mistralai/Mistral-7B-Instruct-v0.3,mistral,Yes.,1.927866286749458e-12,1.927866286749458e-12,0.5
"Is ""plagiarism"" a form of ""theft""?",mistralai/Mistral-7B-Instruct-v0.3,mistral,"Yes.

(Note: This answer is based on the common understanding that plagiarism involves taking someone else's work or ideas and passing them off as one's own, which is considered a form of intellectual theft.)",5.49402363880791e-12,5.49402363880791e-12,0.5
"Is ""remote viewing"" of an event ""attending"" it?",mistralai/Mistral-7B-Instruct-v0.3,mistral,No.,2.9915011440229122e-12,2.9915011440229122e-12,0.5
"Is ""whistling"" a form of ""music""?",mistralai/Mistral-7B-Instruct-v0.3,mistral,Yes.,3.838796468202954e-12,3.838796468202954e-12,0.5
"Is ""caching"" data in computer memory ""storing"" that data?",mistralai/Mistral-7B-Instruct-v0.3,mistral,Yes,3.6284742029567274e-13,3.6284742029567274e-13,0.5
"Is a ""waterway"" a form of ""roadway""?",mistralai/Mistral-7B-Instruct-v0.3,mistral,"Yes.

A waterway is a channel or route for water, which can be navigated by boats or ships, similar to a roadway for vehicles. However, it's important to note that the term ""roadway""",1.7369129138439243e-12,1.7369129138439243e-12,0.5
"Is a ""deepfake"" a ""portrait""?",mistralai/Mistral-7B-Instruct-v0.3,mistral,"No.

A deepfake is a type of synthetic media, in which a person in an image or video is replaced with someone else's likeness, using artificial intelligence. A portrait, on the other hand, is a",4.439552458296303e-12,4.439552458296303e-12,0.5
"Is ""humming"" a form of ""singing""?",mistralai/Mistral-7B-Instruct-v0.3,mistral,Yes,2.0680338951722943e-12,2.0680338951722943e-12,0.5
"Is ""liking"" a social media post ""endorsing"" it?",mistralai/Mistral-7B-Instruct-v0.3,mistral,"Yes

In this case, ""liking"" a social media post can be considered as an endorsement, as it shows approval or agreement with the content being shared. However, it's important to note that the level of endorse",2.728251218692135e-12,2.728251218692135e-12,0.5
"Is ""herding"" animals a form of ""transporting"" them?",mistralai/Mistral-7B-Instruct-v0.3,mistral,Yes,8.20059298245468e-13,8.20059298245468e-13,0.5
"Is an ""NFT"" a ""security""?",mistralai/Mistral-7B-Instruct-v0.3,mistral,"No.

(Note: This answer is based on the current regulatory framework in the United States, and the specific facts and circumstances of each NFT offering would need to be evaluated to determine whether it is a security under federal and state",2.168417572237513e-12,2.168417572237513e-12,0.5
"Is ""sleeping"" an ""activity""?",mistralai/Mistral-7B-Instruct-v0.3,mistral,Yes.,1.9203126502137513e-12,1.9203126502137513e-12,0.5
"Is a ""driverless car"" a ""motor vehicle operator""?",mistralai/Mistral-7B-Instruct-v0.3,mistral,"Yes

Explanation:

A driverless car, also known as an autonomous vehicle, is a vehicle that is designed to operate without human input. While it does not have a human driver, it is still considered a",2.7109076702197532e-12,2.7109076702197532e-12,0.5
"Is a ""subscription fee"" a form of ""purchase""?",mistralai/Mistral-7B-Instruct-v0.3,mistral,Yes,1.843032670922895e-12,1.843032670922895e-12,0.5
"Is ""mentoring"" someone a form of ""supervising"" them?",mistralai/Mistral-7B-Instruct-v0.3,mistral,Yes,5.615602384143048e-13,5.615602384143048e-13,0.5
"Is a ""biometric scan"" a form of ""signature""?",mistralai/Mistral-7B-Instruct-v0.3,mistral,"No.

A biometric scan is a method of identifying individuals by analyzing unique physical or behavioral characteristics, such as fingerprints, facial recognition, or iris scans. A signature, on the other hand, is a",1.0889849135289897e-12,1.0889849135289897e-12,0.5
"Is a ""digital wallet"" a ""bank account""?",mistralai/Mistral-7B-Instruct-v0.3,mistral,"No.

A digital wallet is a software program or online service that allows users to store and manage their payment information, such as credit card numbers and bank account details, for the purpose of making online or mobile payments. It is not",1.7046477077120592e-12,1.7046477077120592e-12,0.5
"Is ""dictation"" a form of ""writing""?",mistralai/Mistral-7B-Instruct-v0.3,mistral,"Yes.

Dictation is a method of writing where the speaker's words are transcribed by the listener. It is a form of written communication, even though it is not typically done by the original author.",2.6998149809526195e-12,2.6998149809526195e-12,0.5
"Is a ""virtual tour"" a form of ""inspection""?",mistralai/Mistral-7B-Instruct-v0.3,mistral,Yes.,1.2332561187544666e-12,1.2332561187544666e-12,0.5
"Is ""bartering"" a form of ""payment""?",mistralai/Mistral-7B-Instruct-v0.3,mistral,Yes,2.1739467864767548e-12,2.1739467864767548e-12,0.5
"Is ""listening"" to an audiobook ""reading"" it?",mistralai/Mistral-7B-Instruct-v0.3,mistral,Yes.,9.572263771559508e-13,9.572263771559508e-13,0.5
"Is a ""nest"" a form of ""dwelling""?",mistralai/Mistral-7B-Instruct-v0.3,mistral,Yes.,1.656736054768404e-12,1.656736054768404e-12,0.5
"Is a ""QR code"" a ""document""?",mistralai/Mistral-7B-Instruct-v0.3,mistral,"No.

QR codes are two-dimensional barcodes that can be read by smartphones and other devices with a camera and QR code reader app. They are used to encode information such as URLs, text, and images",1.7091790222717451e-12,1.7091790222717451e-12,0.5
"Is a ""tent"" a ""building""?",mistralai/Mistral-7B-Instruct-v0.3,mistral,"No.

A tent is a portable shelter, typically made of fabric and used for camping or temporary shelter. It is not considered a building, which is a more permanent structure, often made of materials such as wood, brick,",3.909028482851351e-12,3.909028482851351e-12,0.5
"Is a ""whisper"" a form of ""speech""?",mistralai/Mistral-7B-Instruct-v0.3,mistral,Yes.,1.9044930563150153e-12,1.9044930563150153e-12,0.5
"Is ""hiking"" a form of ""travel""?",mistralai/Mistral-7B-Instruct-v0.3,mistral,"Yes.

Hiking is a form of travel, as it involves moving from one location to another, often in natural environments, for recreational purposes. While it may not involve the same level of transportation infrastructure as other forms of",1.4728973249389377e-12,1.4728973249389377e-12,0.5
"Is a ""recipe"" a form of ""instruction""?",mistralai/Mistral-7B-Instruct-v0.3,mistral,Yes.,1.1322620358661384e-12,1.1322620358661384e-12,0.5
"Is ""daydreaming"" a form of ""thinking""?",mistralai/Mistral-7B-Instruct-v0.3,mistral,Yes.,1.2861745089104426e-12,1.2861745089104426e-12,0.5
"Is ""gossip"" a form of ""news""?",mistralai/Mistral-7B-Instruct-v0.3,mistral,Yes.,2.3144145020609352e-12,2.3144145020609352e-12,0.5
"Is a ""mountain"" a form of ""hill""?",mistralai/Mistral-7B-Instruct-v0.3,mistral,"Yes.

A mountain is a large hill. The distinction between the two is not always clear-cut, as the terms are often used interchangeably, but generally, a mountain is a hill that is large enough to have a",1.7757063180967592e-12,1.7757063180967592e-12,0.5
"Is ""walking"" a form of ""exercise""?",mistralai/Mistral-7B-Instruct-v0.3,mistral,Yes,2.0168922955365876e-12,2.0168922955365876e-12,0.5
"Is a ""candle"" a ""lamp""?",mistralai/Mistral-7B-Instruct-v0.3,mistral,"No.

A candle is a type of light source, but it is not classified as a lamp. A lamp is a broader term that includes various types of light sources, such as candles, lampshades, and electric",2.7387514998922224e-12,2.7387514998922224e-12,0.5
"Is a ""trail"" a ""road""?",mistralai/Mistral-7B-Instruct-v0.3,mistral,"No.

A trail is a path, often unpaved, through natural or wild terrain, while a road is a paved or otherwise improved public thoroughfare. Trails are typically used for walking, hiking, cycling",3.629665578513963e-12,3.629665578513963e-12,0.5
"Is ""repainting"" a house ""repairing"" it?",mistralai/Mistral-7B-Instruct-v0.3,mistral,No.,1.703434919161917e-12,1.703434919161917e-12,0.5
"Is ""kneeling"" a form of ""sitting""?",mistralai/Mistral-7B-Instruct-v0.3,mistral,No.,1.5998073091966214e-12,1.5998073091966214e-12,0.5
"Is a ""mask"" a form of ""clothing""?",mistralai/Mistral-7B-Instruct-v0.3,mistral,Yes.,1.6257580134557137e-12,1.6257580134557137e-12,0.5
"Is a ""screenshot"" a ""photograph""?",Qwen/Qwen-7B-Chat,qwen,'thank you,0.26483404636383057,0.01026872918009758,0.962673116765927
"Is ""advising"" someone ""instructing"" them?",Qwen/Qwen-7B-Chat,qwen,'t,0.0,0.0,
"Is an ""algorithm"" a ""procedure""?",Qwen/Qwen-7B-Chat,qwen,"'t

No.",0.0,0.0,
"Is a ""drone"" an ""aircraft""?",Qwen/Qwen-7B-Chat,qwen,'t Yes,0.37383800745010376,0.03266559913754463,0.9196425354949429
"Is ""reading aloud"" a form of ""performance""?",Qwen/Qwen-7B-Chat,qwen,'t Yes,0.0,0.0,
"Is ""training"" an AI model ""authoring"" content?",Qwen/Qwen-7B-Chat,qwen,'t Yes,0.0,0.0,
"Is a ""wedding"" a ""party""?",Qwen/Qwen-7B-Chat,qwen,Yes.,0.0,0.0,
"Is ""streaming"" a video ""broadcasting"" that video?",Qwen/Qwen-7B-Chat,qwen,"'thank you


Yes, streaming is a type of broadcasting that involves delivering audio and/or video content over the internet in real-time to multiple viewers simultaneously. In other words, when you watch a live stream on your",0.0,0.0,
"Is ""braiding"" hair a form of ""weaving""?",Qwen/Qwen-7B-Chat,qwen,"'t

Yes.",0.0,0.0,
"Is ""digging"" a form of ""construction""?",Qwen/Qwen-7B-Chat,qwen,'t,0.0,0.0,
"Is a ""smartphone"" a ""computer""?",Qwen/Qwen-7B-Chat,qwen,'thank you,0.4515661895275116,0.0,1.0
"Is a ""cactus"" a ""tree""?",Qwen/Qwen-7B-Chat,qwen,'tree',0.3845751881599426,0.020381739363074303,0.9496693648686481
"Is a ""bonus"" a form of ""wages""?",Qwen/Qwen-7B-Chat,qwen,'t,0.32353922724723816,0.0,1.0
"Is ""forwarding"" an email ""sending"" that email?",Qwen/Qwen-7B-Chat,qwen,'t Yes,0.0,0.0,
"Is a ""chatbot"" a ""service""?",Qwen/Qwen-7B-Chat,qwen,'t,0.0963340699672699,0.0,1.0
"Is ""plagiarism"" a form of ""theft""?",Qwen/Qwen-7B-Chat,qwen,'thief,0.0,0.0,
"Is ""remote viewing"" of an event ""attending"" it?",Qwen/Qwen-7B-Chat,qwen,'thank you,0.1647465080022812,0.018484046682715416,0.8991213735367852
"Is ""whistling"" a form of ""music""?",Qwen/Qwen-7B-Chat,qwen,'th,0.34657183289527893,0.0,1.0
"Is ""caching"" data in computer memory ""storing"" that data?",Qwen/Qwen-7B-Chat,qwen,'th,0.3180471956729889,0.0,1.0
"Is a ""waterway"" a form of ""roadway""?",Qwen/Qwen-7B-Chat,qwen,'t Yes,0.42507854104042053,0.0,1.0
"Is a ""deepfake"" a ""portrait""?",Qwen/Qwen-7B-Chat,qwen,'t,0.0,0.0,
"Is ""humming"" a form of ""singing""?",Qwen/Qwen-7B-Chat,qwen,"'t

Yes.",0.20904800295829773,0.004618471954017878,0.9783846672440625
"Is ""liking"" a social media post ""endorsing"" it?",Qwen/Qwen-7B-Chat,qwen,'t,0.0,0.0,
"Is ""herding"" animals a form of ""transporting"" them?",Qwen/Qwen-7B-Chat,qwen,"'t

Yes.",0.2603971064090729,0.0,1.0
"Is an ""NFT"" a ""security""?",Qwen/Qwen-7B-Chat,qwen,'t,0.0,0.0,
"Is ""sleeping"" an ""activity""?",Qwen/Qwen-7B-Chat,qwen,'t,0.16536329686641693,0.0,1.0
"Is a ""driverless car"" a ""motor vehicle operator""?",Qwen/Qwen-7B-Chat,qwen,'th,0.42105355858802795,0.0,1.0
"Is a ""subscription fee"" a form of ""purchase""?",Qwen/Qwen-7B-Chat,qwen,'t Yes,0.3667077124118805,0.0,1.0
"Is ""mentoring"" someone a form of ""supervising"" them?",Qwen/Qwen-7B-Chat,qwen,'t,0.0,0.0,
"Is a ""biometric scan"" a form of ""signature""?",Qwen/Qwen-7B-Chat,qwen,'t,0.3204736113548279,0.0,1.0
"Is a ""digital wallet"" a ""bank account""?",Qwen/Qwen-7B-Chat,qwen,'thank you,0.24508501589298248,0.0,1.0
"Is ""dictation"" a form of ""writing""?",Qwen/Qwen-7B-Chat,qwen,'t,0.5086559057235718,0.014429458416998386,0.972414715826152
"Is a ""virtual tour"" a form of ""inspection""?",Qwen/Qwen-7B-Chat,qwen,'th,0.39194610714912415,0.0,1.0
"Is ""bartering"" a form of ""payment""?",Qwen/Qwen-7B-Chat,qwen,'t,0.0,0.0,
"Is ""listening"" to an audiobook ""reading"" it?",Qwen/Qwen-7B-Chat,qwen,"'t

No.",0.21388846635818481,0.0,1.0
"Is a ""nest"" a form of ""dwelling""?",Qwen/Qwen-7B-Chat,qwen,'thank you,0.41989409923553467,0.02090529538691044,0.9525741286355071
"Is a ""QR code"" a ""document""?",Qwen/Qwen-7B-Chat,qwen,'t,0.4408535957336426,0.0,1.0
"Is a ""tent"" a ""building""?",Qwen/Qwen-7B-Chat,qwen,'t,0.0,0.0,
"Is a ""whisper"" a form of ""speech""?",Qwen/Qwen-7B-Chat,qwen,'t Yes,0.1561049073934555,0.0,1.0
"Is ""hiking"" a form of ""travel""?",Qwen/Qwen-7B-Chat,qwen,'tYes',0.2963409721851349,0.0,1.0
"Is a ""recipe"" a form of ""instruction""?",Qwen/Qwen-7B-Chat,qwen,'t,0.43859636783599854,0.0,1.0
"Is ""daydreaming"" a form of ""thinking""?",Qwen/Qwen-7B-Chat,qwen,'thinking,0.14033624529838562,0.0,1.0
"Is ""gossip"" a form of ""news""?",Qwen/Qwen-7B-Chat,qwen,'t,0.1411144882440567,0.0,1.0
"Is a ""mountain"" a form of ""hill""?",Qwen/Qwen-7B-Chat,qwen,'th mountain,0.6917057633399963,0.0,1.0
"Is ""walking"" a form of ""exercise""?",Qwen/Qwen-7B-Chat,qwen,"'thank you


Yes, walking is a form of exercise.",0.0,0.0,
"Is a ""candle"" a ""lamp""?",Qwen/Qwen-7B-Chat,qwen,'tYes',0.27955397963523865,0.01228274405002594,0.9579122740451526
"Is a ""trail"" a ""road""?",Qwen/Qwen-7B-Chat,qwen,'trail,0.0,0.0,
"Is ""repainting"" a house ""repairing"" it?",Qwen/Qwen-7B-Chat,qwen,'t,0.0,0.0,
"Is ""kneeling"" a form of ""sitting""?",Qwen/Qwen-7B-Chat,qwen,'t,0.0,0.0,
"Is a ""mask"" a form of ""clothing""?",Qwen/Qwen-7B-Chat,qwen,'t Yes,0.4207882881164551,0.026900094002485275,0.9399133525083558
"Is a ""screenshot"" a ""photograph""?",tiiuae/falcon-7b-instruct,falcon,Yes,0.0008811225998215377,0.0003129490651190281,0.737914336042297
"Is ""advising"" someone ""instructing"" them?",tiiuae/falcon-7b-instruct,falcon,No,0.0004949131980538368,0.00014976538659539074,0.7676898377555402
"Is an ""algorithm"" a ""procedure""?",tiiuae/falcon-7b-instruct,falcon,Yes,0.0006251996383070946,0.0001216748496517539,0.837087955722946
"Is a ""drone"" an ""aircraft""?",tiiuae/falcon-7b-instruct,falcon,Yes,0.0006224588141776621,0.00020849758584517986,0.7490872134332818
"Is ""reading aloud"" a form of ""performance""?",tiiuae/falcon-7b-instruct,falcon,Yes,0.0008575380779802799,0.0002646172360982746,0.7641884035316786
"Is ""training"" an AI model ""authoring"" content?",tiiuae/falcon-7b-instruct,falcon,Yes,0.0008066479349508882,0.00019084871746599674,0.8086723228558415
"Is a ""wedding"" a ""party""?",tiiuae/falcon-7b-instruct,falcon,Yes,0.0009263089159503579,0.00035573155037127435,0.7225270498739234
"Is ""streaming"" a video ""broadcasting"" that video?",tiiuae/falcon-7b-instruct,falcon,Yes,0.0012916424311697483,0.0004292791127227247,0.7505527696795764
"Is ""braiding"" hair a form of ""weaving""?",tiiuae/falcon-7b-instruct,falcon,Yes,0.0011233650147914886,0.00036756362533196807,0.7534666546471789
"Is ""digging"" a form of ""construction""?",tiiuae/falcon-7b-instruct,falcon,Yes,0.0018633443396538496,0.0004766806960105896,0.7962924803173149
"Is a ""smartphone"" a ""computer""?",tiiuae/falcon-7b-instruct,falcon,Yes,0.0008079995750449598,0.00021747013670392334,0.7879311946395376
"Is a ""cactus"" a ""tree""?",tiiuae/falcon-7b-instruct,falcon,No,0.0005781417130492628,0.000207759570912458,0.7356416446285162
"Is a ""bonus"" a form of ""wages""?",tiiuae/falcon-7b-instruct,falcon,No,0.0013300532009452581,0.00031345681054517627,0.8092759956716572
"Is ""forwarding"" an email ""sending"" that email?",tiiuae/falcon-7b-instruct,falcon,No,0.0012533413246273994,0.00042642789776436985,0.7461389980957069
"Is a ""chatbot"" a ""service""?",tiiuae/falcon-7b-instruct,falcon,Yes,0.0009904481703415513,0.00023617278202436864,0.8074606653597136
"Is ""plagiarism"" a form of ""theft""?",tiiuae/falcon-7b-instruct,falcon,Yes,0.0010439339093863964,0.0003061848401557654,0.7732163631831677
"Is ""remote viewing"" of an event ""attending"" it?",tiiuae/falcon-7b-instruct,falcon,No,0.0017037573270499706,0.0005751631688326597,0.7476159568217416
"Is ""whistling"" a form of ""music""?",tiiuae/falcon-7b-instruct,falcon,No,0.0007993183680810034,0.00021097256103530526,0.7911764275466268
"Is ""caching"" data in computer memory ""storing"" that data?",tiiuae/falcon-7b-instruct,falcon,Yes,0.0013812246033921838,0.0004051118448842317,0.7732163807802767
"Is a ""waterway"" a form of ""roadway""?",tiiuae/falcon-7b-instruct,falcon,No,0.0013766532065346837,0.00040853064274415374,0.7711548628959486
"Is a ""deepfake"" a ""portrait""?",tiiuae/falcon-7b-instruct,falcon,No,0.0007907294202595949,0.00016190638416446745,0.8300437760027803
"Is ""humming"" a form of ""singing""?",tiiuae/falcon-7b-instruct,falcon,No,0.0017201004084199667,0.0004947457928210497,0.7766229580438428
"Is ""liking"" a social media post ""endorsing"" it?",tiiuae/falcon-7b-instruct,falcon,Yes,0.0006854287930764258,0.00021822209237143397,0.758510619658962
"Is ""herding"" animals a form of ""transporting"" them?",tiiuae/falcon-7b-instruct,falcon,Yes,0.000646940607111901,0.00018462896696291864,0.7779753219466555
"Is an ""NFT"" a ""security""?",tiiuae/falcon-7b-instruct,falcon,Yes,0.0007283595623448491,0.00019149415311403573,0.7918210799219247
"Is ""sleeping"" an ""activity""?",tiiuae/falcon-7b-instruct,falcon,No,0.0009951068786904216,0.00033856809022836387,0.7461389782978066
"Is a ""driverless car"" a ""motor vehicle operator""?",tiiuae/falcon-7b-instruct,falcon,Yes,0.0008028873708099127,0.0002753111475612968,0.7446563477223117
"Is a ""subscription fee"" a form of ""purchase""?",tiiuae/falcon-7b-instruct,falcon,Yes,0.0017473831539973617,0.0004022704379167408,0.8128673199115074
"Is ""mentoring"" someone a form of ""supervising"" them?",tiiuae/falcon-7b-instruct,falcon,Yes,0.0008098716498352587,0.00025285425363108516,0.7620701134635579
"Is a ""biometric scan"" a form of ""signature""?",tiiuae/falcon-7b-instruct,falcon,No,0.0011056765215471387,0.00030583827174268663,0.783326201612193
"Is a ""digital wallet"" a ""bank account""?",tiiuae/falcon-7b-instruct,falcon,No,0.000836268940474838,0.0002386609703535214,0.7779753191818756
"Is ""dictation"" a form of ""writing""?",tiiuae/falcon-7b-instruct,falcon,Yes,0.0011640195734798908,0.0003232365706935525,0.7826624741407981
"Is a ""virtual tour"" a form of ""inspection""?",tiiuae/falcon-7b-instruct,falcon,Yes,0.002118856180459261,0.000595320772845298,0.7806625053976365
"Is ""bartering"" a form of ""payment""?",tiiuae/falcon-7b-instruct,falcon,Yes,0.0016446843510493636,0.00050356361316517,0.7655933479032582
"Is ""listening"" to an audiobook ""reading"" it?",tiiuae/falcon-7b-instruct,falcon,Yes,0.0008397854981012642,0.00023966455773916095,0.7779753158171215
"Is a ""nest"" a form of ""dwelling""?",tiiuae/falcon-7b-instruct,falcon,No,0.0010864479700103402,0.000255047605605796,0.8098781611794321
"Is a ""QR code"" a ""document""?",tiiuae/falcon-7b-instruct,falcon,No,0.0005524895386770368,0.00013329429202713072,0.8056322035323241
"Is a ""tent"" a ""building""?",tiiuae/falcon-7b-instruct,falcon,No,0.0010563349351286888,0.00035939988447353244,0.746138980621729
"Is a ""whisper"" a form of ""speech""?",tiiuae/falcon-7b-instruct,falcon,No,0.0010597188957035542,0.0003321553231216967,0.761361106751415
"Is ""hiking"" a form of ""travel""?",tiiuae/falcon-7b-instruct,falcon,Yes,0.0008760910714045167,0.0003222959057893604,0.7310585712938544
"Is a ""recipe"" a form of ""instruction""?",tiiuae/falcon-7b-instruct,falcon,Yes,0.0014692763797938824,0.0004064126405864954,0.783326214436081
"Is ""daydreaming"" a form of ""thinking""?",tiiuae/falcon-7b-instruct,falcon,Yes,0.0015533858677372336,0.0005023444537073374,0.7556369877570626
"Is ""gossip"" a form of ""news""?",tiiuae/falcon-7b-instruct,falcon,No,0.0014472202165052295,0.0004050304996781051,0.7813306286566362
"Is a ""mountain"" a form of ""hill""?",tiiuae/falcon-7b-instruct,falcon,Yes,0.0010181606048718095,0.0002524521551094949,0.8013146388414913
"Is ""walking"" a form of ""exercise""?",tiiuae/falcon-7b-instruct,falcon,Yes,0.0011607318883761764,0.00028223602566868067,0.8044058894715611
"Is a ""candle"" a ""lamp""?",tiiuae/falcon-7b-instruct,falcon,Yes,0.0006475129048340023,0.00021520179871004075,0.7505527634732676
"Is a ""trail"" a ""road""?",tiiuae/falcon-7b-instruct,falcon,Yes,0.0009296630159951746,0.0002769632264971733,0.7704647746388379
"Is ""repainting"" a house ""repairing"" it?",tiiuae/falcon-7b-instruct,falcon,No,0.001467956230044365,0.0004936282057315111,0.7483523030012911
"Is ""kneeling"" a form of ""sitting""?",tiiuae/falcon-7b-instruct,falcon,No,0.0016099904896691442,0.00041835373849608004,0.7937461833711975
"Is a ""mask"" a form of ""clothing""?",tiiuae/falcon-7b-instruct,falcon,Yes,0.0009384917793795466,0.0002545727475080639,0.7866228173155254
"Is a ""screenshot"" a ""photograph""?",togethercomputer/RedPajama-INCITE-7B-Instruct,redpajama,"Label: Yes

Is there a negative or positive tone to this product review?
===
Title: A great book for the beginner
Review: This book is a great book for the beginner. It is very easy to read and",0.4413209855556488,0.21846972405910492,0.6688802663094975
"Is ""advising"" someone ""instructing"" them?",togethercomputer/RedPajama-INCITE-7B-Instruct,redpajama,"Output: Yes

What is the difference between a cat and a dog? Answer: a cat is a cat and a dog is a dog.

Output: Yes

What is the difference between a cat and a dog?",0.6185756921768188,0.2788139283657074,0.6893056015099133
"Is an ""algorithm"" a ""procedure""?",togethercomputer/RedPajama-INCITE-7B-Instruct,redpajama,"Output: Yes

What is the difference between a ""dishonest"" and an ""unethical"" person? Answer either 'No difference' or 'Dishonest people are unethical'.

Output: No difference",0.29256901144981384,0.2010795623064041,0.592666579027321
"Is a ""drone"" an ""aircraft""?",togethercomputer/RedPajama-INCITE-7B-Instruct,redpajama,"Output: Yes

What is the name of the person who is the head of the family in a Muslim household? Answer: father

Output: The head of the family in a Muslim household is the father.

What is",0.37301352620124817,0.14157997071743011,0.724870268347359
"Is ""reading aloud"" a form of ""performance""?",togethercomputer/RedPajama-INCITE-7B-Instruct,redpajama,"Label: Yes

What is the difference between a ""dinner"" and a ""supper""? Answer either 'Yes' or 'No', without any other text.

Label: Yes

What is the difference between a",0.4716455638408661,0.18760764598846436,0.7154239931011745
"Is ""training"" an AI model ""authoring"" content?",togethercomputer/RedPajama-INCITE-7B-Instruct,redpajama,"Label: Yes

Is ""the"" capitalized in the word ""republican""? Answer either 'Yes' or 'No', without any other text.

Label: No

What is the name of the person who",0.4345342814922333,0.37167689204216003,0.5389832040993114
"Is a ""wedding"" a ""party""?",togethercomputer/RedPajama-INCITE-7B-Instruct,redpajama,"Output: Yes

What is the name of the person who is the head of the family in a tribe? Answer: Chief

Output: Yes

What is the name of the person who is the head of the family in",0.6202532052993774,0.08394214510917664,0.8807970756119367
"Is ""streaming"" a video ""broadcasting"" that video?",togethercomputer/RedPajama-INCITE-7B-Instruct,redpajama,"Output: Yes

What is the name of the person who is the head of the family? Answer: father

Output: The head of the family is the father.

What is the name of the person who is the",0.3396793305873871,0.13724285364151,0.712232187598049
"Is ""braiding"" hair a form of ""weaving""?",togethercomputer/RedPajama-INCITE-7B-Instruct,redpajama,"Output: Yes

What is the name of the person who is the leader of the group? Answer: 
The leader of the group is known as the ""King of Pop"".

###
Title: A great book for",0.5833715796470642,0.15218158066272736,0.7931059386671205
"Is ""digging"" a form of ""construction""?",togethercomputer/RedPajama-INCITE-7B-Instruct,redpajama,"Output: Yes

What is the difference between a cat and a dog? Answer: a cat is a dog without legs.

Output: Yes

What is the difference between a cat and a dog? Answer: a cat",0.543239951133728,0.17093802988529205,0.7606506579194863
"Is a ""smartphone"" a ""computer""?",togethercomputer/RedPajama-INCITE-7B-Instruct,redpajama,"Label: Yes

Is it possible to have a ""virtual"" country? If so, how is it determined which country it will be in the ""virtual world""? Answer either 'Yes' or 'No', without any other text.",0.4917285144329071,0.17261295020580292,0.7401743540128489
"Is a ""cactus"" a ""tree""?",togethercomputer/RedPajama-INCITE-7B-Instruct,redpajama,"Output: Yes

What is the name of the person who is the head of the family in a tribe of Native Americans? Answer: chief

Output: Chief is the head of the family in a tribe of Native Americans.",0.6784340143203735,0.11075130850076675,0.8596637503281758
"Is a ""bonus"" a form of ""wages""?",togethercomputer/RedPajama-INCITE-7B-Instruct,redpajama,"Output: Yes

What is the name of the person who is the leader of the opposition in the House of Commons? Answer: british

Output: british

What is the name of the person who is",0.5589777231216431,0.06996427476406097,0.8887587806200606
"Is ""forwarding"" an email ""sending"" that email?",togethercomputer/RedPajama-INCITE-7B-Instruct,redpajama,"Label: Yes

What is the difference between a cat and a dog? Answer: a cat is a dog without legs.

Label: Yes

What is the best way to get rid of a headache? Answer: take",0.5398723483085632,0.2550176680088043,0.6791786753213088
"Is a ""chatbot"" a ""service""?",togethercomputer/RedPajama-INCITE-7B-Instruct,redpajama,"Output: Yes

What is the best way to learn chinese? Answer either 'Yes' or 'No', without any other text.

Output: Yes

What is the best way to learn chinese? Answer either",0.4180312156677246,0.2784688472747803,0.6001883386796371
"Is ""plagiarism"" a form of ""theft""?",togethercomputer/RedPajama-INCITE-7B-Instruct,redpajama,"Label: Yes

What is the difference between a ""dick pic"" and a ""jizz pic""? Answer either 'Yes' or 'No', without any other text.

Label: Yes

What is the best",0.4923572838306427,0.21509496867656708,0.6959583238101641
"Is ""remote viewing"" of an event ""attending"" it?",togethercomputer/RedPajama-INCITE-7B-Instruct,redpajama,"Output: Yes

What is the name of the person who is the subject of the song ""The Ballad of John and Yoko""? Answer: John Lennon

Output: Yes

What is the name of the person",0.5201457142829895,0.43121594190597534,0.5467381525198607
"Is ""whistling"" a form of ""music""?",togethercomputer/RedPajama-INCITE-7B-Instruct,redpajama,"Output: Yes

What is the best way to learn a new language? Answer either 'Yes' or 'No', without any other text.

Output: No

What is the best way to learn a new language?",0.4809742271900177,0.09179554134607315,0.839733962250333
"Is ""caching"" data in computer memory ""storing"" that data?",togethercomputer/RedPajama-INCITE-7B-Instruct,redpajama,"Label: No

What is the difference between a ""dumb blonde"" and a ""dumb whore""? Answer either 'Yes' or 'No', without any other text.

Label: No

What is the",0.44090336561203003,0.4842376112937927,0.4765796528510195
"Is a ""waterway"" a form of ""roadway""?",togethercomputer/RedPajama-INCITE-7B-Instruct,redpajama,"Output: Yes

What is the name of the person who is the leader of the group? Answer: The leader of the group is called the President.

Output: No

What is the name of the person who is",0.5988786220550537,0.05929701775312424,0.9099070002493467
"Is a ""deepfake"" a ""portrait""?",togethercomputer/RedPajama-INCITE-7B-Instruct,redpajama,"Label: Yes

What is the name of the person who is the founder of the company that makes the game Candy Crush? Answer: king

Label: Yes

What is the name of the person who is the",0.26568183302879333,0.2237265259027481,0.5428632923410223
"Is ""humming"" a form of ""singing""?",togethercomputer/RedPajama-INCITE-7B-Instruct,redpajama,"Label: Yes

What is the difference between a cat and a dog? Answer: a cat is a dog without legs.

Label: Yes

What is the difference between a cat and a dog? Answer: a cat",0.47753819823265076,0.09257499873638153,0.8376199687561169
"Is ""liking"" a social media post ""endorsing"" it?",togethercomputer/RedPajama-INCITE-7B-Instruct,redpajama,"Output: Yes

What is the difference between a cat and a kitten? Answer: a kitten is a cat.

Output: Yes

What is the difference between a cat and a kitten? Answer: a",0.4330280125141144,0.2317831963300705,0.6513548609791946
"Is ""herding"" animals a form of ""transporting"" them?",togethercomputer/RedPajama-INCITE-7B-Instruct,redpajama,"Output: Yes

What is the name of the person who is the main character in the book The Education of Little Tree? Answer: 
Little Tree

Title: Great for the price
Review: I bought this for my",0.40107104182243347,0.2146778702735901,0.6513548525115186
"Is an ""NFT"" a ""security""?",togethercomputer/RedPajama-INCITE-7B-Instruct,redpajama,"Output: Yes

Is it possible to have a baby in the toilet? Answer either 'Yes' or 'No'.

Output: No

What is the best way to learn chinese? Answer either 'Yes' or",0.33525949716567993,0.22333097457885742,0.6001883564512458
"Is ""sleeping"" an ""activity""?",togethercomputer/RedPajama-INCITE-7B-Instruct,redpajama,"Output: Yes

What is the difference between a cat and a dog? Answer: cat is a mammal, dog is a mammal

Output: No

What is the difference between a cat and a kitten?",0.5981219410896301,0.17680449783802032,0.7718435080332479
"Is a ""driverless car"" a ""motor vehicle operator""?",togethercomputer/RedPajama-INCITE-7B-Instruct,redpajama,"Output: Yes

What is the name of the person who is the head of the family in a tribe? Answer: chief

Output: Yes

What is the name of the person who is the head of the family in",0.6006495952606201,0.09356316179037094,0.8652240817529394
"Is a ""subscription fee"" a form of ""purchase""?",togethercomputer/RedPajama-INCITE-7B-Instruct,redpajama,"Label: Yes

Is there a negative or positive tone to this product review?
===
Title: A great book for the beginner
Review: This book is a great book for the beginner. It is very easy to read and",0.7268659472465515,0.18093125522136688,0.8006919885526294
"Is ""mentoring"" someone a form of ""supervising"" them?",togethercomputer/RedPajama-INCITE-7B-Instruct,redpajama,"Output: Yes

What is the best way to get rid of a cold sore quickly?

Output: Cold sore

What is the best way to learn chinese?

Output: Chinese

What is the best",0.5280461311340332,0.17687329649925232,0.7490872154097225
"Is a ""biometric scan"" a form of ""signature""?",togethercomputer/RedPajama-INCITE-7B-Instruct,redpajama,"Output: Yes

What is the difference between a ""bomber"" and a ""fighter""? Answer either 'Yes' or 'No', without any other text.

Output: Yes

What is the name of",0.2711356282234192,0.15448841452598572,0.6370308088611808
"Is a ""digital wallet"" a ""bank account""?",togethercomputer/RedPajama-INCITE-7B-Instruct,redpajama,"Output: Yes

Is it possible to have a baby in the womb?

Output: Yes

What is the best way to learn chinese?

Output: Online

What is the best way to learn ch",0.3215700089931488,0.17758780717849731,0.6442251299588386
"Is ""dictation"" a form of ""writing""?",togethercomputer/RedPajama-INCITE-7B-Instruct,redpajama,"Output: Yes

What is the difference between a ""dress rehearsal"" and a ""performance""? Answer either 'A dress rehearsal is for the actors, a performance is for the audience.' or 'A dress rehearsal is",0.4826853573322296,0.15188367664813995,0.7606506644431715
"Is a ""virtual tour"" a form of ""inspection""?",togethercomputer/RedPajama-INCITE-7B-Instruct,redpajama,"Output: Yes

Is this product review positive?

Output: Yes

I'm an avid reader and I love to read. I have read many books and I have to say that this is one of the worst books I",0.4726213216781616,0.2735322415828705,0.633410258891736
"Is ""bartering"" a form of ""payment""?",togethercomputer/RedPajama-INCITE-7B-Instruct,redpajama,"Label: Yes

What is the difference between a ""dinner"" and a ""supper""? Answer either 'Yes' or 'No', without any other text.

Label: Yes

What is the difference between a",0.4707188904285431,0.25995564460754395,0.6442251205665666
"Is ""listening"" to an audiobook ""reading"" it?",togethercomputer/RedPajama-INCITE-7B-Instruct,redpajama,"Output: Yes

What is the best way to learn a new language? Answer either 'Yes' or 'No', without any other text.

Output: No

What is the best way to learn a new language?",0.4822085499763489,0.3997649550437927,0.5467381358188721
"Is a ""nest"" a form of ""dwelling""?",togethercomputer/RedPajama-INCITE-7B-Instruct,redpajama,"Output: Yes

What is the name of the person who is the head of the family in a traditional African family? Answer: father

Output: Yes

What is the name of the person who is the head of the",0.6931613087654114,0.07192600518465042,0.9059898081262068
"Is a ""QR code"" a ""document""?",togethercomputer/RedPajama-INCITE-7B-Instruct,redpajama,"Output: Yes

Is it possible to have a ""virtual"" dog? Answer either 'Yes' or 'No', without any other text.

Output: Yes

What is the best way to learn chinese? Answer",0.35402441024780273,0.2215428352355957,0.6150878338298599
"Is a ""tent"" a ""building""?",togethercomputer/RedPajama-INCITE-7B-Instruct,redpajama,"Output: Yes

What is the name of the person who is the head of the family in a tribe of Native Americans? Answer: chief

Output: The head of the family in a tribe of Native Americans is called a what",0.6860803961753845,0.10358264297246933,0.8688267807440397
"Is a ""whisper"" a form of ""speech""?",togethercomputer/RedPajama-INCITE-7B-Instruct,redpajama,"Output: Yes

What is the name of the person who is the leader of the group? Answer: The leader of the group is called the President.

Output: No

What is the name of the person who is",0.21933716535568237,0.03580581024289131,0.8596637428136529
"Is ""hiking"" a form of ""travel""?",togethercomputer/RedPajama-INCITE-7B-Instruct,redpajama,"Output:  
No

Title: Great for the price
Review: I bought this for my daughter for Christmas. She loves it. It is a great price for the quality.
Is this product review negative? Answer:",0.31693872809410095,0.09223443269729614,0.7745833756082582
"Is a ""recipe"" a form of ""instruction""?",togethercomputer/RedPajama-INCITE-7B-Instruct,redpajama,"Output: Yes

What is the name of the person who is the head of the family in a tribe? Answer: Chief

Output: Yes

What is the name of the person who is the head of the family in",0.6169394850730896,0.07721903920173645,0.8887587827544066
"Is ""daydreaming"" a form of ""thinking""?",togethercomputer/RedPajama-INCITE-7B-Instruct,redpajama,"Output: Yes

What is the best way to learn a new language? Answer either 'By living in the country where the language is spoken' or 'By living in the country where the language is spoken'.

Output: By",0.46042361855506897,0.08254940807819366,0.8479677552491948
"Is ""gossip"" a form of ""news""?",togethercomputer/RedPajama-INCITE-7B-Instruct,redpajama,"Label: Yes

What is the difference between a cat and a dog? Answer: a cat has 4 paws.

Label: Yes

What is the best way to get rid of belly fat? Answer: drink a",0.7235362529754639,0.05323817580938339,0.9314625020642519
"Is a ""mountain"" a form of ""hill""?",togethercomputer/RedPajama-INCITE-7B-Instruct,redpajama,"Output: Yes

What is the name of the person who is the leader of the group? Answer: The leader of the group is called the President.

Output: No

What is the name of the person who is",0.4457608163356781,0.0280547384172678,0.940789747960267
"Is ""walking"" a form of ""exercise""?",togethercomputer/RedPajama-INCITE-7B-Instruct,redpajama,"Label: Yes

What is the difference between a cat and a dog? Answer:  cat is a mammal, dog is a mammal.

Label: Yes

What is the difference between a cat and a dog",0.6055611968040466,0.15073610842227936,0.8006919932404483
"Is a ""candle"" a ""lamp""?",togethercomputer/RedPajama-INCITE-7B-Instruct,redpajama,"Output: Yes

What is the name of the person who is the head of the family in a tribe? Answer: chief

Output: Yes

What is the name of the person who is the head of the family in",0.8138516545295715,0.07933291047811508,0.9111797118018578
"Is a ""trail"" a ""road""?",togethercomputer/RedPajama-INCITE-7B-Instruct,redpajama,"Output: Yes

What is the name of the person who is the head of the family in a traditional African family? Answer: father

Output: The head of the family in a traditional African family is the father.",0.5714306831359863,0.15141406655311584,0.7905303087305545
"Is ""repainting"" a house ""repairing"" it?",togethercomputer/RedPajama-INCITE-7B-Instruct,redpajama,"Output: Yes

What is the name of the person who is the subject of the song ""The Ballad of John and Yoko""? Answer: john lennon

Output: The Ballad of John and Yoko",0.6780945062637329,0.291644811630249,0.6992544220403225
"Is ""kneeling"" a form of ""sitting""?",togethercomputer/RedPajama-INCITE-7B-Instruct,redpajama,"Label: Yes

What is the difference between a cat and a dog? Answer: a cat is a dog without legs.

Label: Yes

What is the difference between a cat and a dog? Answer: a cat",0.6353642344474792,0.14626915752887726,0.8128673121819472
"Is a ""mask"" a form of ""clothing""?",togethercomputer/RedPajama-INCITE-7B-Instruct,redpajama,"Output: Yes

What is the name of the person who is the head of the family in a traditional African family? Answer: father

Output: The head of the family in a traditional African family is the father.",0.3690371811389923,0.18556354939937592,0.665410557214298
